text,language,label
"Ndi ogbo ogwu idumota Unu Ji igu ewu na ATA With ASSOCIATES like y'all,one hardly needs LUCK",ibo,general_feedback
hbd waga g chukwu gozie gi mmaji more blessings odogwu onye isi nkuka lagos state,ibo,praise
money wey i dey manage uba took a whole they took before abeg you people should comman explain to me why,pcm,urgent_complaint
"@user Innalillahi wa inna ilaihi raji'un 😥. Ya Allah ka kawo mana qarshen wannan annoba, Allah yabashi lafiya 🙏",hau,praise
@user To nidaii kam sai hamdala wlh😂 Da qyar nasha🥂 yafi da qyar aka kamani yau dinnan. Ba sauki ciwon arne kenan,hau,praise
@user Obi n'agu akwukwo n'ala beke Iji buru onye dokita oyibo.,ibo,general_feedback
@user @user Kaji dariyar mugu # COVID19 🤣🤣🤣🤣??,hau,general_feedback
#SickleCellAwareness in #Yoruba EJE Eje ni nkan pupa to n san ni ago ara wa Blood is the red fluid that flows in our body A ni ohun merin ninu eje 1 Padi eje pupa 2 Padi eje funfun 3 Padi eje platelet 4 Omi plasma There are four components of blood../1 #SickleCell #September https://t.co/qOjQQjiDNK,yor,general_feedback
second everywhere don burst wahala for who no love this wonderful blessed and handsome bobo oo love you yasssss i don get new screensaver,pcm,praise
@user Innalillahi wa'ina ilehi rajiun allah jikan su su kuma wanda suka kahesu allah ya hiryesu idan ba masu hiryuwa bane allah kai maganin su😭😭,hau,urgent_complaint
@user Tunda muka bude ido kam muka ganmu a kasar rashin Adalci da son zuciya ai Al-Qunut ta zama wajibi a garemu kuma sai mun sako kalaman tsinuwa acikin Al-Qunutin ga wa’enda suka cucemu kuma suka bari ana cutar damu 😭,hau,urgent_complaint
21st year anniversary of yoruba one voice yov worldwide under the leadership of oba gani ige adams the aare onakakanfo of yoruba land you must watch,yor,praise
"@user Coronavirus ai makami ce. Ana yaqan mu ne da ita mu bakake tare da hadin bakin shuwagabannin mu, mutuwa dai daya ce Kuma bama tsoranta😤",hau,urgent_complaint
odidi ojo maarun gbako bayi ojo mi loju ọkùnrin méjí tí ó lo ìwé ìrìnà ẹniẹlẹ́ni ni afurasí,yor,urgent_complaint
well i see no reason y some girl wont clin thier pussy n they always want who to eat dem updat tin can b very anoyingif u want a pussy eater better u clin it up very welldont com kill someone son n wen u try to tell dem they will pick offence,pcm,urgent_complaint
@user Allah shi taimka dayake abun ba'a makka bane aje ayi lafiya .😁😃,hau,praise
where the guy make we ask am how infection dey taste whether e salty or e dey taste lime,pcm,urgent_complaint
e be like say na the whole abuja dem carry light o kva transformer is down at the moment me thinks,pcm,urgent_complaint
@user Allah ya sanya Alkhairi 🙏 ya kuma tabbatar da dawamamme zaman lafiya a tsakaninsu.,hau,praise
Egbe Oloselu UPN tife tu mo Dokita Frederick Fasehun Lori o! Awon Alakoso egbe ni Wombia Adanikanje ni Dokita Fasehun http://t.co/y0PBxpJsUa,yor,general_feedback
nobody can fit your position in life all man has their role to play so be the best of you anobi bushasha is here who dey who dey on set of mediator the movie as dir by,pcm,general_feedback
"Baba Mimo Iwo Olorun Gbogbo Aye, Baba wa gbowa k'ale ma feran ara wa. Baba Mimo Ateriba si'iwo ju ite re, bo'ju wa ko saanu fun wa oo! Olorun! Olorun Agbayee!! Oluwa wa o, Eleda Gbogbo Eniyan!! 🎶🎧 by Beautiful Nubia #Music #Renaissance #Yoruba",yor,praise
jazz boys where una dey na this whole story is just upside down and inside out lol the worst part is that some of you are now thinking that palm jazz go work for una please refrain from supporting any adulterated suggestion that jazz go work for you by believing it,pcm,urgent_complaint
fariga agbenuso fun aare jonathan dokita reuben abati so wipe itara lo hun damu awon ti o hun un pe aare nijeria ebele ni omugo,yor,urgent_complaint
i literally feel sick to my tummy and i dont even feel like doing anything today but im on the street oof lagos hustlingif tomorrow i buy a housecar and any fool come out to say na runs she dey do na just know that god will punish you na dog go chop ur mouth,pcm,urgent_complaint
who u dey even talk to sefu have the worst skills in clout chasingu cant even get any celebrity attention againna igbo people u dey attackna blessing nkechi dey ginger u now abimadam go restin ur next life pray to be married to an igbou will never chase clout,pcm,urgent_complaint
"RT @user: Dailly affirmation Bí a bá ní sùúrù, ohun tí kò tó, ṣì ńbọ̀ wá ṣẹ́kù. / If we are patient, whatever is insufficient would…",yor,praise
2217452630-zenith bank (odogwu åkwų ñó óñų) https://t.co/W9vYSxw9xx,ibo,praise
@user Yayi kyau haka tinda ba Islam ☪️ medicine yace ba ❤️,hau,praise
@user Sana'a 10 maganin kwanan rana kowa ke talla yawo kayimai in bashison abin mutane ya bata🤣🤣🤣,hau,general_feedback
"Ó buwọ́ lu bilionu kan lè ọwọ merin dola láti kó ojú irin láti Ibadan lọ sí ìlú Èkó, bẹ́ẹ̀ ni wọn ń ṣíṣe witiwiti lórí ẹ pẹ̀lú òpópónà Lagos Abeokuta, Ọ̀yọ́ Ogbomoso, Ogbomoso Ilorin, naa n lọ lọ́wọ́, ṣíṣe ọna Osun àti Èkìtì láti japo mọ́ra wọn,""""""""",yor,general_feedback
the only bone straight i can afford now wahala for who no fit buy bone straight this december oo,pcm,general_feedback
@user I saw u too 😂😂Nawawoooo turanci mugun ciwo😷😷,hau,general_feedback
Oloye Bode Akindele lasiko aye rẹ jẹ ilumọọka oniṣowo ti o si tun jẹ Parakoyi ti ilu Ibadan. Sun re o 💓❤️🙏🙏 ibadanslayers #ibadan #yorubamovies #yorùbáculture #ibadanentrepreneurs #yoruba #oduduwa #oyo #religionyoruba https://t.co/MYxG4B8xnD,yor,praise
"@user """"""""""""""""""""""""""""""""Nigeria ba matsalar kudi ta ke ba, yadda za'a kashe"""""""""""""""""""""""""""""""" Da an gina mana garuruwa, an tanadar mana da lantarki, da tsarin lafiya, da tuni wani zancen ake ba wannan ba 😒",hau,general_feedback
allah yakawo karshen rashin zaman lafiya a nigeria dama duniya gabaki daya,hau,praise
zaa fara shanya patients a nigeria kenan,hau,urgent_complaint
@user Kenan zai bar jinya ya koma taka leda da'ike Barcelona na nistewa a la liga😆😆,hau,general_feedback
ọdị mma ọdogwu,ibo,praise
allah ya kara lafiya baba kai tatayi idan ka gaji ka bawa yusuf shima yai tatayi ‍‍️,hau,praise
"@user @user Nna gi muru gi!!! Akota akuko di onye oria mma, osi si wenyite ya isi. Ilua by ilu odogwu. Onulu mgbe m di ime asulu oha nri ji, asim ka m nyuo mara onye g'ekponwu. Chei chei....aro, aro",ibo,general_feedback
@user BBC Hausa sunkoma tallan maganin ma aurata 😂,hau,general_feedback
@user #Allah yabashi lafiya. Get we soon #Egyptianking @user 😍🙏,hau,general_feedback
#repost Buhari: ogịnị ne me onye nka?! Ọ na chi ọchị ka ewu ha tinye n'oku Oshiomole : Collect Corona V free of charge nna - @user https://t.co/aH3dTjwV6Z https://t.co/Jj8CQdw8iQ,ibo,general_feedback
@user Odogwu anyi n'kpe odoro easy Biko dede a chorom ke nuru egwu m @user #ZaOtherRoom,ibo,general_feedback
SEX IN YORUBA Ona orisi Marun LA le fi ji oko tabi aya wa ton sun. Ona ikerin leleyi. Awon baale imi man ji iyawo won pelu enu Larin itan won(obo) 😜 This is 4th way some men wake their wife without stress( oral sex) @user oloni #sex #sextalk #yoruba #facts #sextalk https://t.co/vp9SHxmrOM,yor,general_feedback
"@user @user Ujo ego a na gu na billion na billion na aria gi oria... nna eh, jee ka i gbuo ozu nke gi O... ji sie ke",ibo,general_feedback
"@user Muna rokon gwamtin Zimbabwe 🇿🇼 data daure ta biya ma'aikatan jinya domin su koma bakin aiki, dan Allah",hau,general_feedback
correct i don rest na to join the insane world remain now youre an agitator of feminism and i like the way you were calm and dishing out stuffs through out the whole discussion some other people for don call my late mum names i admire that weldone,pcm,praise
who your birth month help for this lockdown period abeg carry your birth month go one side first make we know wetin dey play for area,pcm,urgent_complaint
@user @user Wai gwamno nin Nigeria suna afa kwayoyi ko 😂,hau,urgent_complaint
RT @user: @user #IbadanCodeSprint oye ki aye wa fun awon onimo ede naa dara po month awon onimo ero lati mu ero rere yii ...,yor,general_feedback
@user Ga corona a ambaliya astagfirullah 👏,hau,praise
sakamanje you na boss na where dem bosses like dey who i be,pcm,praise
"@user Omo, ebuka is tall oooo. Igbo men are just full spec. Ndi Odogwu chukwu there mmanu",ibo,praise
èdè yorùbá dùn gbongbon kan sii ènìyàn àtàtà ni eya yorùbá jé wọn máa ń kó ènìyàn mọ́ra wọn sì nifẹ sí ibagbepo àlàláfíà ìwà ifomoniyanse ẹ̀yà yorùbá yìí kii wá ṣe a ń fọ́wọ́ yẹpẹrẹ mú,yor,praise
allah sw shi kadaine mai maganin shege dan gaton uwa,hau,urgent_complaint
"Nnam onum juru na ekele..anam asi gi daalu Chukwu maka aka olu OMA gi. Odogwu nna.......ekwueme......otito dili gi nebe ebe. @user Lagos, Nigeria https://t.co/7RNBlDoknx",ibo,praise
ti oluwa ni o e ku ojumo eni a san sowo ilera ati alafia amin,yor,praise
ram wey dey hear wit ear deaf and dumb ram n crippled goat n wrinkled ram n sick goat hiv hegoat n ebola ram free order now its sallah season happy sallah in advance e,pcm,urgent_complaint
chanter has a message for everyone on coronavirus kindly listen and apply the message akéwì ní ìkéde pàtàkì fún gbogbo èèyàn lórí kòkòrò coronavirus ẹ fi etí si kí ẹ sì mú ọ̀rọ̀ inú rẹ̀ lò,yor,praise
@user Nabi WHO da gudu ba wando 😡😡😡,hau,general_feedback
@user Eziokwu Mana ogwu adighi aru Hollywood,ibo,general_feedback
sai a hada da malaria,hau,general_feedback
"RT @user: Ọlọ́run tó ńse'bẹ̀, kò tí ì kúrò ní ìdí ààrò. / God who is cooking the soup, has not left the kitchen. [Keep hope aliv…",yor,praise
"@user Gwanda #Corona da shugabannin mu wllh, su da kansu suke kashemu ana cewa 'yan bindiga, Kuma dadina da'ita bata cika damun talakkaba saidai masu hannu da shuni ma'ana masu madafun iko, Suko masu madafun iko su kashe talakawa, Allah shi isarwa talakka ga shuwagabannin mu wlh😭",hau,general_feedback
@user Hajiya Kar ki sa mu gudu zamanin coronan Nan🙄,hau,general_feedback
you no hear wetin malaria dey do us bah na proud you hear,pcm,urgent_complaint
️np eluwa anyinoria na oge ndigbo,ibo,general_feedback
allah kasa zuwan su shine sanadiyyar kawo karshen covid a najeriya idan ma sharri suka zo dashi yã allah ka mayar dashi alkhairi,hau,praise
in àkúrẹ́ town when a king departs from the land of the living who do they choose to act as king pending the time they will choose another king ní àkúrẹ́ tí ọba bá wàjà tani wọ́n ma fi yàn láti wà lórí oyè kí ọba tuntun tó jẹ,yor,general_feedback
i don go follow and patiently waiting for her for apple music should i blow powder before you notice me abeg na,pcm,praise
"@user Thank you very much, for the introduction. People have often taken ÒRÌṢÀ to be Idols in Yorùbá land, due to external influence. Can you tell us, Who/What is ÒRÌṢÀ? Ẹ ṣeun fún àfihàn ara yín. Awon èèyàn rí Òrìṣà gege bíi ère bíbọ̀. Ǹjẹ́, Kíni/Tani ÒRÌṢÀ gangan?",yor,praise
i swear ko funny mo wahala for who dey school wey no dey sell anything oo everybody don dey sell things na only me dey middle make u na allow me sleep well oo,pcm,urgent_complaint
@user Osebuluwa ga eji aka ya di nso gwuo gi oria ahu ma chulakwa ihe kpatara ya na aha chukwu nna bu eze anyi,ibo,praise
@user Ko asibiti ne da kudinsa 😒,hau,general_feedback
fì =gt dangle dangling aláìsàn ń fì lògbòlògbò the patient is dangling vigourously,yor,urgent_complaint
@user ALLAH ya dawomana da k lafiya🕋,hau,praise
RT @user: Cc @user #OrinOnka lede Yooba. 1- Eni bi eni 2- Eji bi eji 3- Ęta ntagba 4- Ęrin wọrọkọ 5- Arun... 6- Ęfa... Oy…,yor,general_feedback
"@user Wannan ba maganar hankali bace a matsayinka na musulmi, ina ganin a baya-bayan nan akai wasu zabuka wanda ana tsaka da cutar corona aka yi su. Su wannan bazasu sa ciwon coronar ya karuba sae taron Faden Allah, tur da wannan maganar taka mustapha 😡",hau,urgent_complaint
RT @user: Ọmọbàdàn kíni sóò? 😌 #Ibadan #Yoruba https://t.co/TCagC2O4Q0,yor,general_feedback
"Wọ́n ní kò sí báa ti wo Ìbàdàn tó, apá kan là á rí. #Ibadan àbí? @user",yor,general_feedback
doctor awulaki afo osisa ji m na olu i na ako nuo nwanyi okwa onye di ndu na anu nwanyi udili doctor gini ka ibudi,ibo,urgent_complaint
"@user Gaskiya wannan RISHIN SANIN CIWON KAI NE, yayinda Nigeria ke fuskantar kalu_ balan tsaro ta ko ina, wasu keson a canza mata suna ☹️☹️☹️☹️",hau,urgent_complaint
"Olubadan of Ibadan land, Oba saliu Adetunji (Aje Ogunguniso 1) Showers Blessing on Me. #2019 #mustobey #amen #yoruba #culture #tradition #elder #courtesyvisit #celebrity #arrival #king… https://t.co/4jdj2covtx",yor,praise
"Mo gbiyanju lati jeki fidio yi je iseju kan ni aimoye igba, sugbon kosese... 🤷🏿‍♂️ E mase dami lejo fifowo nigba meta bo ti le jepe mo so wipe igba marun 😂. E jeki a sa bojuto ara wa, olufe wa ati awon ara ile wa... #EtoIlera #KokoroKorona2019 #Yoruba https://t.co/8Z52JJYFv0",yor,praise
dama basu d aiki wadan nan inyamuran sai danfara da safarar kwayoyi don haka suka lalata sunan nigeria a kasashen duniya sbd haka visa ta china da sauran minyan kasashen duniya takeyi mana yan nigeria wahala matuka sbd wannan mummunar hali nasu dama raba kasar akayi wlh,hau,urgent_complaint
@user Subahanallah Allah kayi Mana maganinmu😏😏,hau,praise
@user Ga boska nan ya taho🙌🏾🙌🏾🙌🏾maganin sauro maaaagani na chutar cizon sauro,hau,general_feedback
"@user 😲ikon Allah , haryakai gahakan Allah Kai muna maganin wannan annobar , Lallai bana se Allah ko Ana aikin hajji😔",hau,praise
youre mad see you wey you want use ₦ stake to win ₦ for bet naija who dash you crypto currencies and forex your ₦k bitcoin wey don enter dip you better go an start selling gala and get a life burna boy,pcm,urgent_complaint
@user Tasu da ban ta talakawa da ban ina mu ina abun c suganan kasa bare maganin sa ai wutsiyar rakume tai naisa da kasa 🙄🙄🙄🙄,hau,urgent_complaint
wahala for who her friends never don acknowledge amm as mrs laycon oo the something dey sweet me shaa another wonderful day to stream songs,pcm,praise
@user Masha Allah! Ubangiji Allah ya basu zaman lafiya da zuri'a Dayyiba...Amin 🙏,hau,praise
e get one nurse wey dey inject people h better go check,pcm,urgent_complaint
"@user 😀 ba wasa, wani baturan zai iya sama wata suna Corona ko covid",hau,general_feedback
@user O kwa otu a ka malaria si ebido 😒,ibo,general_feedback
baba mimo iwo olorun gbogbo aye baba wa gbowa kale ma feran ara wa baba mimo ateriba siiwo ju ite re boju wa ko saanu fun wa oo olorun olorun agbayee oluwa wa o eleda gbogbo eniyan by beautiful nubia,yor,praise
Imototo bori arun mole bi oye se n bori ooru http://t.co/YfA2xHo1,yor,praise
allah yayi mana maganin wannan cutar,hau,praise
@user aligo i mana onona mmiri asaaru bukwa oria maka kedu ka obodo anyi gesi were mmanu ugboala nkeukwuu mana okana akoo anyii#aligo,ibo,general_feedback
"@user Shawara: Kada abaiwa ko wace jaha komi harsai in ta cancanta kuma fannin wannan cutar ta (COVID19), itakuma (FG) sutaimakawa yan kasa wajen rage radadin zaman gida ko ba'a ba kowa komiba asan yadda zaayi kayan abinci suyi sauki 👍",hau,praise
masha allah allahu akbar sunnah kenan magani bidiah anan na karu da abubuwa masu yawa da ace malan jafar malamin bidiah ne da tawannan hanyar maana yaron sa ma abin bautane ga yan bidiah dalilinsu ai dane ga malan allah kaji kan malan da rahama ya allah,hau,praise
so heart touching story kuma abin da xai baka ciwo da mutane shine yanxu wanda suka guje ta a baya xasu fara dawowa sabida ta fara samun nakanta allah ya sa albarka a kasuwancin ki yar uwa,hau,praise
if umu obligbo no come who else go come ohanwa ji okwa phyno jide ofor flavor buruzie ijele odogwu illbliss getinye everything okpa di oku anyi nile anenwe obi anuli maka na chukwu goziri umu igbo agozi,ibo,praise
@user Jesus bu Odogwu kachasi odogwu,ibo,praise
boys dey hospital dey work salah meat just dey pass patient come and join me doctor me im fine maam thank you,pcm,urgent_complaint
"@user Nwanne, o buna edemede gi a nke n'akwado ogwu Supradyn emegideghi ighu na-achi ndi otu ahu ike obodo anyi? Kpachara anya. O nwere ndi obi adighi mma maka oganiru gi.",ibo,general_feedback
addua zan masa allah ubangiji ya kareshi daga dukkan sharriya kara masa lafiya da nisan kwana ya karfafeshiya kawar da idon maqiya akansa da mahassadaya karo mana irinsa a nigeria and,hau,praise
"@user Waya tambeye ku? Giskiya Har yanzu baku waye ba wanan Na iya hadasa rikichi fa! This is not news this is rubbish, tell us who wrote this headlines the person needs to be sacked ✊ @user",hau,urgent_complaint
khalil million nairana d whole world matter e dey judge,pcm,urgent_complaint
@user Allah yayi mana maganinsu don son Annabi da Alqur'ani🙏,hau,praise
abu aisha dis result don dey tire pesin o who win fct and nassarawa is it true dat atiku won those states,pcm,urgent_complaint
@user 😩😩😩abun tausayi a dageh young doctors,hau,general_feedback
whoever is in charge of adigbes light e no go better for the person and hin whole family,pcm,urgent_complaint
@user Allah yayi mana maganin Abinda bamu iyawaa 👏👏👏,hau,praise
wai corona virus tashigo nigeria ruwan ɗan wake zamu dinga sha mtchewwww rubbish,hau,urgent_complaint
@user Allah ya bamu Kuma ya karamana lafiya 🤲,hau,praise
Aga aju Onye? Na who go confirm? https://t.co/2knJNRONHe,ibo,urgent_complaint
ni jiya harda siyo alawa xan rabawa yara sbd xaa bda labarin mahmoud lokacin mom batajin magana saida nagasha maganin bacci,hau,general_feedback
@user Wannan shine yake qara labbatar mana dacewa hukumomi suna qirqirar rigakafi na boge saboda biyan bukatar su. da wannan nakecewa ni a fahimtana bangamsu da rigakafin allurar corona da akeyi ba ! itama wata buqatarsu sukeso su cimma da ita kamar yadda sukayi anan 👆 https://t.co/QLUhOcuva4,hau,urgent_complaint
nwata rie oké ọkpa gbara afọ ọ hụ udene ọrọwa ya anya orie udene gbara afọ ọ hụ ogwumagala ọrọwa ya anya mana orie ogwumagala ubenube ana ebere ya ụtụtụ ọma nụ,ibo,praise
mumu is from ja who mugu dey rule na mugu im be,pcm,general_feedback
something is not too write about dis scripture pls is adam and eve d st mortal on earth if dey are who den bear d child cain married,pcm,urgent_complaint
Imamma ya bu agwa ya Ngozi Chukwu bu nke ya She is a virtuous woman Maka na ezi nwanyi di uko (Inserts atilogwu)💃💃,ibo,praise
"@user Ai ba a Kenya 🇰🇪 kadai ba, ko a Nigeria 🇳🇬 mutane da yawanmu, har gobe bamu yarda da akwa cutar corona ba.",hau,urgent_complaint
RT @user: Iku moya Ile Wa Arunmoya ile Wa Ofo moya ile Wa Ese moya ile Wa Oran Moya ile Wa Gbogbo Ajogun Ibi Emon ya ile Wa Ero O…,yor,general_feedback
@user da riga kafi kara magani🤐🤐,hau,general_feedback
"RT @user: @user Ẹni táa fún ló'bì tí kò ṣ'ọpẹ́, báa fún un lọ́'mọ kò ní ṣà'na. / A person who gave no thanks when offered…",yor,urgent_complaint
nor be you put ur mouth for the mata e get who calls you just see ur sef outside grow up joor,pcm,urgent_complaint
@user Toh Allah ya kara mana Lafiya da Zaman Lafiya da kuma abun da Lafiya za taci 🙏🏻,hau,praise
insha allah daga wannan cutar tasa sai lahira dan uwarsaduk wanda ya taba annabi ko ubansa waye bazai zauna lpy,hau,urgent_complaint
"RT @user: Who read this before? """"""""""""""""In-depth Yoruba Phonology and Grammar"""""""""""""""" 😁 Ìwé pàtàkì fún ẹni tí ó fẹ́ kọ́ gírámà èdè Yorùbá fún sí…",yor,praise
nekwa odogwu on the move ndi anambra neenu future governor unu,ibo,general_feedback
#Repost @user with get_repost ・・・ Shhhh... we are coming. “Egun to ba pidan mo niwon nipidan pe” . . #blacktothefuture #sacredartoftheori #yoruba #laolunyc #oriball #blackandwhite… https://t.co/3kcYri69ot,yor,praise
iro ni o ko seni to n fun awon omode labere ajesara monkey pox losun,yor,urgent_complaint
sometimes i wonder who writes these scripts for our leaders o asaba movies try pass una for script writing n acting abeg,pcm,urgent_complaint
@user Subhanallah allah ya kiyaye mu 🙏🙏ya basu lafiya 🙏🙏,hau,praise
@user @user Kai akwai case yau kenan Allah ya kaimu dare lafiya 🤣🤣,hau,praise
david tar who be dat no be me dey pay am wetin you dey talk sef na me dey pay am so therefore what is his is mine joab big bros i no go advice you make you near there leave mata for matthias you know as e dey be david you wan die,pcm,general_feedback
ya allahka hada kan dukkanin kasashen musulmin duniyah gabakih dayah sannan allah kakawoh karshen rashin zaman lafiyah akasashen musulmi damah duniyah gabaki dayah,hau,praise
make sure you chop in this life oh na who get strength dey hustle,pcm,praise
i swear even if i try e no go happen na to dey take sleeping drugs,pcm,urgent_complaint
what how who did you pay who help you do your sure runs like this na please i need boasting so my epl scores go at least enter e abeg see f staring deep at me epp ma laive here,pcm,urgent_complaint
my dear shift for me let me cry abeg im tired‍️‍️ small thing dey will ask u savings or current omg who did i offend o‍️,pcm,urgent_complaint
yes na i know before o sebi i dey talk am say shoprite for sa na like pharmacy na we dey hype am for here people dey think say na them build the malls,pcm,urgent_complaint
@user Allah yayi muna maganin waɗanan fitintunu😥🙏,hau,praise
"RT @user: Ko kin se gbogbo WIFI lo le lo, sora fun awon ti o fe se ijamba si ero ibanisoro e Dabobo WhatsApp e, lona Meji pelu…",yor,praise
aworan aare nijeria dokita jonathan ati aare ano ogagun mohammed buhari ni ilu abuja fun ajodun asepo amunisin,yor,praise
eje ki a wole adura fun diziani aya madueke omo alison arun yi o gbudo gbe owo mekunu mi bi ti ogagun ologbe abacha,yor,praise
wàhálà for who no understand yoruba ooooo,yor,urgent_complaint
was dem don lock am who unlock am sef me i no dey see road again oh,pcm,urgent_complaint
@user @user Allah yakara lafiya Alan waka 💕💕,hau,praise
@user Allah sarki. 😭 Allah ya basu lafiya,hau,praise
when before meets afteri love it when people who sabi chop fish buy my fish and do justice to itofcourse the fish sweet die so dem no get choice its weekend,pcm,praise
you no jam am during the scare period which kain drugs i nor prescribe for that boy at least e go dey see skyscraper for where e dey now,pcm,urgent_complaint
"@user Allah ya shiga lamarin kasar mu, 👏 Ya bamu lafiya da Zaman lafiya 👏",hau,praise
📽️Ọgbẹni Tembo ńwáni mimọ! Ọwọfifọníawọn àwùjọ: https://t.co/nSeCrs4KDa Yoruba language version of community health education film designed to teach the importance of hand washing. #CleanForAll #GlobalHealth #Handwashing #Yoruba #Nigeria #Benin #Togo https://t.co/7HkHxMHt4t,yor,praise
"@user Best of luck 💕 .... Allah yasa agama lafiya,",hau,praise
"Oba Lamidi Adeyemi, ( Alaafin of Oyo) ojo pa sekere omo atiba, omo iku ti iku o le pa, Omo arun ti arun o le se. KABIESI ooooo #OyoKingdom #Yoruba #Alafin https://t.co/uHlrqMtfmy",yor,praise
"@user Allah yasa haka itace mafi alheri, kuma Allah bashi lafiya🤲.. Aameen",hau,praise
"Gẹ́gẹ́ bí ẹ̀ka ìṣàkóso ètò ìlera ní ìpínlẹ̀ Èkó ṣe sọ, ẹ má dẹ́kun ọwọ́ fífọ̀. Ẹ lo àwọn ìlànà wọ̀nyí. Àrídájú Ìlera wa àti ìbòrí kòkòrò #COVID19 tí di àjùmọ̀ṣe."""""""""""""""" @user https://t.co/XruFKRgbTk",yor,praise
@user 😭😭😭😭aikin knn Sai kwamushe yayan alummma ake Amma Kuna ta allurar karya wae Corona hmm kuje kufara karbo yaran da aka dauke snn kuzo kuyi mgn Corona,hau,urgent_complaint
dan allah a samu wani ya siya mini cikekkiyar kaza before covid tazo kano ️ dan naga abun kamar da gangan ake yadawa mutane,hau,general_feedback
Ezigbo 'Ogwu obara' 🙌🙌 https://t.co/BEbiVg2vEW,ibo,general_feedback
wahala for who dey toast babe now o they key word is send me your aza make i wire u u go dey shyke dey form love i pity u sha,pcm,urgent_complaint
@user Ba shan maganin gargajiya ne ba ya kashe su. Rashin bin ƙa'idar shansa ne ya kashe su. Domin ai ko maganin Baturen ka sha ba bisa ka'ida ba zai iya sanadiyyar kisa. Bama ciki da iskancin banza😈😈,hau,urgent_complaint
"@user Gaskia ban tabaji ba ace mutum ya samu maganin aka rasa gano maganin ta a duniya, yasha ya warke ba karya ne sai yayi sauki 😭😭😭😭😭😭",hau,urgent_complaint
mudai fatarmu itace allah yakawo muna danwamamen zama lafiya a nigeria,hau,praise
alhamdulillah wallahi wannan abun da sukai yayi kyau sosai allah ya kawo mana karshin wannan cutar baxan fade sunan taba dumin na tsani ta,hau,praise
Ẹni ija o ba lon pe ara ẹ l'ọkunrin. Translation: He who haven't seen real fight/battle boast of being a SuperMan. ~@user #kevingatesvideo #yoruba #language #RemiCrownDiamond #sundayvibes #SundayMotivation,yor,urgent_complaint
na d danfo na who dey lead,pcm,general_feedback
@user Hhh gaskiya Ma zata bayyana wlh mu munji Hirar ai batun Corona a kano akwai Alamar tambaya 🙄,hau,urgent_complaint
@user Ezigbo Ogwu ego nwanne 💰💵💶💴,ibo,urgent_complaint
@user Mudai a yankin arewacin najeriya illar da cutar cizon sauro take mana yafi Na corona virus 🦠,hau,urgent_complaint
lol some niggas still dey around dey peddle drugs as match dey go on ahh,pcm,urgent_complaint
"RT @user: Ki Olódùmarè Yọ wa kúrò nínú ajakale àrùn Coronavirus. May Almighty God save humanity from this virus. Stay Safe, avoid…",yor,praise
📻▶️NP no competition @user @user #k'anyinoria na oge ndigbo @user @user,ibo,general_feedback
Igirigi okpokopi 1 na umuahia Nshansha mmiri a na aku dodging by jamkpa nke mbu na Dplace Nwoke bugodu watermelon Taaa! Shie ishi oma brother Happy birthday odogwu nwoke.. @user https://t.co/TFZzBY3tvF,ibo,praise
Eyi ni Oriki Ofa fun igbadun yin https://t.co/Slu8KxFl6x #EdeYorubaDunLeti #FidiyoYoruba #wednesdaymorning #OrikiYoruba #WednesdayMotivation #COVID19 #worldwar3 #fortniteseason3 Ajimobi Victor Giadom Falz #Adehimself #Adeherself #EFCC @user @user #yoruba,yor,praise
"RT @user: Oro awon ara oke-oya yii wa su wa oo,bawo lese maa yinbon fun awon osise ilera bahun!!!",yor,urgent_complaint
this serves as a reminder for choristers and instrumentalist to start rehearsing because as i de so i don de rehearse dance steps for d first sunday after covid ish,pcm,praise
@user Fatan mu dai Allah zaunar mana da kasa lafiya. Masu zanga zanga kuma Allah basu hakuri. Tashin hankali baya kawo mafita ko yaushe. 👌🏽,hau,praise
RT @user: Gbogbo èèyàn oníwà tútù kọ́ lonínúure. / It is not everyone with quiet disposition who is kind-natured. [Appearance c…,yor,urgent_complaint
i like how you said swapped henrikh mkhitaryan without pointing out who left i still think its so cute how le goon fans get very optimistic with just any transfer foray we go dey here dey jot the results out when una start dey go up boss,pcm,praise
e don tey una dey poto poto a whole cjn was removed by an experte order sans were rolling in the mud in support,pcm,urgent_complaint
2. Òpópónà marose Lagos - Ibadan náà tí de ìdajì nínú ṣíṣe rẹ tí sì ti pèsè isẹ to dín di ẹni ẹgbẹ̀rún márùn-ún fún agbase ṣe àti àwọn olodani.,yor,general_feedback
my god see wetin klopp dey assemble still wan loan dembele from barca join again who cursed man utd na abeg we are sorry,pcm,urgent_complaint
ehennnwhere una dey ooall of you who engage my tweets andmake me enjoy these streetsoya make una line up ooi wan share jollof for una here oo abi una don chop ni‍️,pcm,praise
ẹpẹ alarọ wa ẹpẹ ogunmọdẹde ẹyin ọmọ ẹpẹ da ooo tag those who you know are from ẹpẹ,yor,praise
"Omo ilu Ibadan ni mi, ni agbole Akogun Balogun ni Amunigun. Iran Oshiware ni Opo Labiran ni ati sewa, Bakantari ni aaba wa. #TweetinYoruba",yor,general_feedback
my dear shift for me let me cry abeg im tired‍️‍️ small thing dey will ask u savings or current omg who did i offend o‍️,pcm,urgent_complaint
fatan mu ayi shi lafiya a gama lafiya allah ya zaba mana shuwagabanni na gari masu son mu,hau,praise
@user Wai Dan uwar turawan nan dole se goga mana ne🤔 kawai dan sun ga mun fisu lafiya shine suke so su manna mana hauka mu ma😠😠,hau,urgent_complaint
@user @user O gbajiri igwe kpo ya nku Odogwu akataka,ibo,praise
oru go na nke baby nna a odogwu nagha,ibo,general_feedback
"@user @user nsogbu adiro, na aga nu. Account gi adikwa healthy? Okwa maka twitter rant.......o galakwalu onu",ibo,praise
some ladies are actually crazy because this one asked me for money when coronavirus stopped us from working for months she dey beef me and she don go carry am tell her sister e see me dey look me like stranger lmafooooooooo na my guy wey carry you come hang out i blame,pcm,urgent_complaint
@user Allah yajikansa babanmu maganin kukanmu hakika allah baya barin wani don wani yaji dadi 😭😭😭,hau,praise
i dun tell you this thing back then say you get very fine legs you looked at me like i bin dey yan okoto meow meow skrraaa well im glad youve realized not just legs sef the whole package is on point,pcm,praise
ai yanzu nigeria kowa ma nada corona,hau,general_feedback
@user @user @user Allah ya Kara lafiya da Imani Daddy👴... Ina maka fatan Alkhairi @user @user,hau,praise
@user 🙏 Asha ruwa lafiya Oga,hau,praise
RT @user: @user gbogbo ilu ni o. Arun tii se ogoji nii se oodunrun,yor,urgent_complaint
them wan dey sub me for here love wahala for who their loml no be chef,pcm,praise
Agụba ndị Ézè nwa Amakeze na Nimo. Odogwu afụrụ kwe in diaspora. Izuru ihe eji nwoke eme. https://t.co/i7EuhvFzhz,ibo,general_feedback
this nurse wey bleach so go fit gimme injection me wey no get vain,pcm,urgent_complaint
@user Ina ga Akon da classiq ne suka kamu da #COVID-19😅😅,hau,general_feedback
second everywhere don burst wahala for who no love this wonderful blessed and handsome bobo oo love you yasssss i don get new screensaver,pcm,praise
ẹ pàdé ọ̀kan lára àwọn olùdájọ́ ìdíje màmá àrìnpé adéjùmọ̀ ọ̀jọ̀gbọ́n àti olùdarí sẹ́yìn ẹ̀ka ẹ̀kọ́ ẹ̀dá èdè àti àwọn èdè ilẹ̀ áfíríkà ti fásitì ibadan ẹ wo,yor,general_feedback
@user Yanzu kan ai Barcelonan nema ta kamu da Corona virus 😂 🤣,hau,general_feedback
@user Ahhhhhhh da sanda muke gida kuma meyasa cutar tke qaruwa 😏,hau,general_feedback
"@user ALLAH ya kara lafiya da nisan kwana, go ahead 2019 in sha ALLAH. 🙏",hau,praise
no jersey my brother the way una dey ask for jersey e be like say una want make dem run out of business later in the year who knows lets keep fingers crossed i went there for danielle de rossi and i am so glad it was powerful no worry ac milan go make top,pcm,praise
"@user @user Lol. Saboda mage da kare suna iya kamuwa da coronavirus din. Idan cutar ta tafi, zasu dawo cin abinsu fa. Harda kyankyaso ma da tsaka da kunama 😂😂",hau,urgent_complaint
@user Chuky please gbara ogwu gi nwuo😏,ibo,urgent_complaint
"@user Prince Mai jiran gado at it again Wannan yaro dai Allah ya mana maganinsa. Annabi Muhammadu s.a.w yace: """"""""Kuje aikin hajji Kafin A hanaku zuwa. 😢🕌🕋🤲🏾🙏🏽🤲",hau,praise
na who get money dem dey rush na me wan rush money but hin too like to form hard to get,pcm,urgent_complaint
who wan console me now just one game cut my k odds na cry get me now i swear who do me this thing abeg most times just one game stops me from winning big️ i am pained allah i cant remember who actually gave this game to atleast show,pcm,urgent_complaint
whos this person always talking about dick on my curious cat please abeg stop e don do,pcm,praise
@user Odogwu!! Ma ná si gbapụ ọsọ nọ oge 🏃🏃🏃 biko,ibo,general_feedback
hhmn allah maiyadda so yayinda kaso yan qasa ke kwanciyar jinya aqasa don rashin gadaje a asibitin qasar suke mutuwa ba addadi amma kash sai ga cutar da batama kashe mutum goma ba amma anashirya mata kwakwanta akan gadajenku kukuke ciwonku muke shan yunwarmu,hau,urgent_complaint
your guy dey drive benz but him dey sick everyday you no dey drive benz but you never sick for like year now grace comes in different ways be grateful dear,pcm,praise
@user Saika kabari sai tasamu kudin corona🤣🤣,hau,general_feedback
"@user Bamu daina tsoron corona ba, munfi tsoron yan ta adda, yanzu bisa ga corona.✍ Ni wallahi nafison corona tazama ajalina, bisa ga na hwada hannun yan ta addannan. 🤷‍♂️🕊🕊🕊✍✍",hau,urgent_complaint
@user Daman Sune Suke Cin Kudin Tallafi Corona Don Haka Har Tau Ayimai 😂,hau,general_feedback
wannan hka yake baba ganduje nima shaida ne anyi tsula ritayar dole munyi maganin mara kunya,hau,urgent_complaint
Àwọ̀ ìyeyè = yellow colour (ta ní máa ra ṣòkòtò aláwọ̀ ìyeyè yìí? ➡️ who will buy this yellow coloured trousers?) #InYoruba #learnyoruba https://t.co/Gv0HUq0kvH,yor,general_feedback
@user Allah ya kiyaye na gaba Allah ya zaunar da kasar mu lafiya 🙏 alfarmar annabi Muhammad S A W 🙏💞,hau,praise
nigerian detectives dem dey even carry out investigations abi na by hearsay or who first complain,pcm,urgent_complaint
"RT @user: @user tor, Ile-eko giga fasiti Ibadan ni o gba asiko... Se alaafia ni e wa?",yor,praise
Ounka Yoruba 1- Ookan 2-Eeji 3-Eeta 4-Eerin 5-Aarun 6-Eefa 7-Eeje 8-Eejo 9-Eesan 10-Eewa #TweetinYoruba @user @user,yor,general_feedback
@user Wannan coronar zai faɗawa ta yi haquri ta dakata da kama mutane sai ya gama uzururrukan sa tukunna. Mtsw🙄,hau,urgent_complaint
@user Covid-19 cutar masu ce😂,hau,general_feedback
#Np sa mbiro @user #k'anyinoria Oge ndigbo @user @user,ibo,general_feedback
Yoruba Ibadan. ❤❤😘💥🔥🔥@user 👉 Yorùbátv ẸGBẸ ỌMỌ OLÚWA BÍ GBOGBO ÀGBÁYÉ Ojú òpó ìkànsíraẹni 🇳🇬🇹🇬🇧🇯🇧🇷🇨🇴🇨🇺🇬🇭🇨🇮______________________________□ Yoruba TV 🥰😘🔥 #yoruba #yorubatv #yorubaweddings #ebi #asoebi… https://t.co/6aNjpPkRgd,yor,general_feedback
@user Fariga: Agbenuso fun Aare Jonathan. Dokita Reuben Abati so wipe Itara lo hun damu awon ti o hun un pe Aare Nijeria Ebele ni Omugo,yor,general_feedback
"@user @user 👍👍👏🙌 hakika kayi matukar kokari, Ina yimaka fatan alkairi da samun zuri'a dayyaba, ubangiji Allah yakara tabbatar maku da zaman lafiya na har abada",hau,praise
"@user Wannan ba maganar hankali bace a matsayinka na musulmi, ina ganin a baya-bayan nan akai wasu zabuka wanda ana tsaka da cutar corona aka yi su. Su wannan bazasu sa ciwon coronar ya karuba sae taron Faden Allah, tur da wannan maganar taka mustapha 😡",hau,urgent_complaint
masha allah allah yakaika lafiya baba,hau,praise
do u even care about my mental health see wetin u dey chop and i never chop since are you sure you care about me bayiii,pcm,urgent_complaint
"Igbo Proverbs in Nnewi dialect 1. E gbuo onye nọchili isi ụzọ, o lu onye nọ n'ime. 2. Ngbọlọgwụ gbachili ụzọ na-eli apa mma. 3. Ọfịa na-ekwu okwu, mmadụ nọ na ya. 4. I jee ije eke na-eje, ị ya atụnwukwo agwa ka eke? https://t.co/3sYjiiUd2D",ibo,general_feedback
omo school and nysc life at mbakwu how dem go carry all go one town na whos hand dey inside am,pcm,urgent_complaint
"Oruko mi ni Adegboyega omo Adejorin abi mi ni ilu Kaduna ni oke oya,omo ilu Ibadan ni mi #tweetinyoruba @user @user @user",yor,general_feedback
she tell me say she tell say them dey always tell wizkid wahala for who wan go first fall in love with this guy ohhh you better let him choose you oh else hmmm,pcm,urgent_complaint
@user Allah yayimana maganinta🤲🤲,hau,praise
😁😁😁 Onye bụ orphan anaghị agwọ́ ọgwụ ego... https://t.co/Rg9iZkOt9c,ibo,urgent_complaint
what sickness abi disease tsetse fly dey give ni e don bite me die for this bush,pcm,urgent_complaint
allah ya isa da kika sa aka ci mutunchin annabinmu da addininmu mun barki da allah zai mana maganinkiin kinga dama kiyi tsirara ma kiyi posting a dunia wannan ke ta shafa‍️‍️‍️,hau,urgent_complaint
"@user Onye nkem, nsogbu adi ro odogwu. Daalu.",ibo,praise
i really do wonder who has actually seen an egbére before ǹjẹ́ ẹyin ti ṣe alábápàdé egbére rí have y,yor,general_feedback
i think i get you now you guys have started rd semester of preclinics omo una welldone io bhet marathon shotgun for two weeks is not good na abi how did they even break your course for multiple lecturers sef i can feel your pain now,pcm,general_feedback
"@user Odogwu m gara school, uche ya di ya",ibo,praise
walahi this our cake work is so stressful abeg sighss i stood from am till pm my leg and back hurts alot at a point i come dey vex for myself i was like who even send me message sef,pcm,urgent_complaint
wannan shirmen banxane babu xaman lafiya a kasa mi akeyi da sassauta farashin data muyi mi da data tsaro mukeso,hau,urgent_complaint
"@user @user @user """"""""""""""""""""""""""""""""A nemo likita ya duba tsohon nan ya tashi ko na minti biyar ne, miliyan biyar fa ba nan ba ce"""""""""""""""""""""""""""""""" 😂",hau,general_feedback
who be dis wan,pcm,urgent_complaint
lol u cannot see my familys net worth cannot enter k e sure me corona con dey again one mouth don commot for their food niyen,pcm,urgent_complaint
"@user 🤣😂🤣ku ce mishi ya xo min da kudinda xai Kai Karan, ni xan mishi maganinsu",hau,general_feedback
@user Hmmm ana dara ga dare yayi Wahala dey for who wey never no Nigerian politicians🧐🧐🧐,hau,urgent_complaint
small sickness i don dey chop like thief o wrong na,pcm,urgent_complaint
@user 😢😢😢😢😢😢 mu yau aka mana low down. wlh ba shiga ba fita anan daura wlh abin sai aduu'a gaskiya ya kamata arage ba ci atashi tsaye Akan wannan cucar ko wlh sai ji tausa yimmu ya bamu maganinta...,hau,urgent_complaint
@user Ekwueme Oloro ihe loro enyi Agu n'eche mba Osimiri atata Ama ama amasighi amasi Isi iyi nke ndu Odogwu akataka Igodo Ji ndu Odum nke ebo Juda Nwanne nke otu Onye Ozo piata piata n'elu ogwu Ebube Dike,ibo,general_feedback
baby boo anyinoria oge ndigbo,ibo,praise
@user MashaAllah Allah ya sanya Alkairi yasa anyi kenan 🙏 Allah kuma ya basu zaman lafiya,hau,general_feedback
all my babes no wan link up again shey na bcos of corona or dem no dey reason me again,pcm,urgent_complaint
my broda iji ya ka anyi gworie ndu with ezigbo umu ihe ndi a naadigasi nwoke naakuku ka m sorugodi gi na app a anyi gaenweriri odogwu nwoke,ibo,urgent_complaint
Papa Ada bu akpa nsogbu 🤣🤣 Why u dey drag the whole lawyers na🤣🤣 https://t.co/Qy10biriAh,ibo,urgent_complaint
if this disease would spare poor people pesin go dey inside house if e no get food to chop,pcm,urgent_complaint
so na so we go dey see bruno give assist for another team edward go dey keep face like who them no give kprash for house god is edward woodward bigger than you please nahh sign bruno,pcm,urgent_complaint
@user Subhanallahi!!! Allah kamana maganin wannan musiba🙏,hau,praise
obata obie ka ana akpọ ya odogwu naemeri agha ọbụla ọ tinyere aka ná ya eze ndị eze otu onye a na asị unu abịa go ekele dịrị gị na ndụ ị nyere anyị maka na ọ nweghị onye dị ka gị,ibo,praise
referee tell us who win match na broom fc or umbrella fc if na extra time you let us know haba league game una dey waste time next year champions league wetin go happen,pcm,urgent_complaint
"RT @user: TAKE IT #SIckleCellAwareness in #Yoruba Osu kesan, osu #september je osu pataki fun wa gegebi awujo. Idi ni pe, a maa n fi…",yor,general_feedback
"Ǹjẹ́ o mọ̀ wípé olórin nì Carlos Santana ki #Sango ń'nú orin rẹ̀ tí ó pe àkólé ẹ̀ ní """"""""""""""""Hannibal""""""""""""""""? #Yoruba http://t.co/Sy1ARUAiMb",yor,general_feedback
baba segee aka benson of all time baba ayo the way this animal kingdom is moving na that you ebsu certificate de go soon chop and that pharmacy license of urs go soon go downtown,pcm,urgent_complaint
"@user Hhmn, Allah maiyadda so, yayinda kaso 80% yan qasa ke kwanciyar jinya aqasa Don rashin gadaje a asibitin qasar, suke mutuwa ba addadi, Amma Kash sai GA cutar da batama kashe mutum goma ba Amma anashirya Mata, Kwakwanta akan gadajenku, kukuke ciwonku muke shan yunwarmu.😢😢😢😢",hau,urgent_complaint
@user Corona ce ta sace koh 🙄,hau,urgent_complaint
@user @user @user @user gbara ọgwụ gi ṅuo howfar project na https://t.co/pKJ2NVEW3s,ibo,urgent_complaint
"@user @user @user @user Àwọn tí Èkó náà kọ ọ̀rọ̀ ránṣẹ́, wọ́n ní kí n wá kí á fi ojú rinjú, kí n sì gbé agolo ọtí @user ọ̀hún dání fún ìṣèjẹ́rìí. #EtoOnibaara #consumerright #brandnegligence #LiveYourBestLife @user https://t.co/r91bBayWVm",yor,general_feedback
who do una no be una dem even give pk,pcm,urgent_complaint
🎧Now on: kwokiri dance @user #k'anyinoria na oge ndigbo @user @user,ibo,general_feedback
the wahala now be how go fit understand this english someone whose only qualification is waec,pcm,urgent_complaint
agege olu of agege hrm oba oyedeji k isiba ni ki gbogbo olugbe ilu agege yera fun iwa jagidijagan ni asiko idibo ti onbo lona agegetv agege online,yor,praise
wọ́n ní bí ọmọdé bá dúpẹ́ oore àná á rí òmíràn gbà ẹ ṣé ẹ kú ànawọ́sí o àmọ́ èbù iṣu kan àti ẹyindìẹ mẹ́rin tí ẹ pín yìí kò tó ẹbí kan án jẹ lẹ́ẹ̀mejì ọjọ́ wo ni ká máa retí èbù iṣu àti ẹyin kejì covid,yor,praise
@user To ai ance tana maganin corona 😂,hau,general_feedback
omoomo re dokita adadevoh lo gba ile wa kuro lowo arun,yor,praise
Happy birthday odogwu @user ... Chukwu gozie gi!! 👊🏼👊🏼,ibo,praise
ok oh na like this oh like play like play until e reach everybody na this kan rough play i dey hate ohh some of the technology are made in china but u see all this deadly diseases is only made in china where exactly was the world wronged china,pcm,urgent_complaint
"Ka ọmụmụ a wetara gị na ezinuụlọ ezi ahuike na oganiihu n'oge a na ndụdụgandụ gị niile. N'aha Jizọs Kraịst, Amen!!!",ibo,praise
"@user Komi yayi xafi maganin sa Allah, Allah ka rabamu da Aikin dana sani 🙇🏼‍♂️🙇🏼‍♂️🙇🏼‍♂️",hau,praise
"@user Gaskia akwai lauje cikin nadi, Wannan duk Bazai wuce politics ba, Kuma bazai rasa alaqa da tallafin kudi da gwamnatin kano ta nema ba ga gwamnatin garayya!!, Nidai ban tabajin inda aka fara gwajin covid ba Kuma aka dakatar Sai a kano. 😭😭😭This is very bad wallahi",hau,urgent_complaint
màlúù tí kò ní ìrù ọlọ́run ni í lé eṣinṣin fún un god himself is the one who fends off flies for a cow that has,yor,praise
Ìwúùre ati Àdúrà òwúrọ̀. #kaftantv #kaftantvyoruba #kaftan #yoruba #yorubaculture #yorubanimi #yorubalanguage #instagram #africa #african #nigeria #lagos #ekiti #ondo #ogun #oyo #ibadan https://t.co/OgZP5vlKsR,yor,praise
NP Onye Nkem -@user // #DreamLounge With @user 🚀#TuesdayNightFever💯,ibo,general_feedback
@user kí ló ń ṣẹlẹ̀ gan-an gan-an? Òsì Olúbàdàn ní ẹ̀ ń lérí kọkọ bí akọ aláǹgbá wípé ẹ ó rọ kábíèsí lóyè. #Ibadanmajamaja,yor,urgent_complaint
@user Allah ya karawa Malam lafiya da duk wanda yake dauke da wannan cutar ta Covid19 🙏. The captain is Back 😄,hau,praise
@user Odogwu o dika jack amaro ka isi kwado??,ibo,general_feedback
àgbà tó so yangan mọ́di ló sọ ara ẹ̀ di aláwàdà fádìyẹ an elder who tied maize to his pants is the one who made hi,yor,urgent_complaint
@user Makirkira Corona virus suna mamaki saboda wanda ya kirkiro mu baki daya yayi nasa hukuncin! 😆☝️,hau,general_feedback
"@user Ogwurum Ike, Ife eji acure boredom 🙄🙄",ibo,general_feedback
but honestly the hype on this virus is too much more than the virus itself but guess what im a nigerian im safe i survived ebola i survived lassar ill survive corona too the same speed wey e use come na im e go use go no world is ending,pcm,praise
who de breeetttt all of una combined shey u wan try oya do am if e easy,pcm,praise
@user Amincin Allah yaqara tabbata agareka sister Allah ya karbi ibadunki da nawa Dan fiyayyen halitta annabi Muhammadu (s.a.w) barka da sallah da fatar kinyi sallah lafiya Allah yasa haka Ameen summa Ameen ❤️❤️❤️❤️,hau,praise
"@user Kaji wawa Ana yunwa a duniyar mutame amma yana tunanin zuwa mars.. Salon corona idan tayi tsamari su gudu su barmu, oh ni talaka? 🤔",hau,urgent_complaint
abin dariya allah yayi mana maganinsu,hau,praise
@user Na yaushe kuma.. ai mu yanzu komai mun gani Buhari Allah dai ya ida lafiya😏,hau,praise
wannan rainin hankali ne halan ba su jinkalon news ko ba su social media ne da xa su ce ba su san yanda najeriya ta ke va mu dai kawai allah kawo mana sawki da kuma xaman lafiya aameeen,hau,praise
Ọmọ kékeré jòjòló lọ̀rẹ́ Olódùmarè. #SaveMusibaudeen,yor,praise
@user Dafatan Allah ya tabbatar mana da zaman lafiya a jiharmu ta #Gombe dama fadin @user bakidaya🙏,hau,praise
Happy birthday Odogwu @user Chukwu Gozie gi Nna,ibo,praise
@user @user Odogwu!... Ekene m gị... M na gị na-azakọrịta afa... Ndewo...,ibo,praise
Wọ́n á ní bí Olúbàdàn bá wọ *níkà ... #Yoruba #Ibadan,yor,general_feedback
"RT @user: Ẹni tó yá ẹgbẹ̀fà, tí ò san án, bẹ́ igi dí ọ̀nà egbèje ni. / Whoever borrowed a small sum, but refused to repay it, h…",yor,urgent_complaint
mb dey waste na what happen who is that person pls,pcm,urgent_complaint
"@user @user Onye bụ orphan, ọ na-agwọkwanụ ọgwụ ego??... 😂 😂",ibo,urgent_complaint
"@user Allah sarki😭. Allah ya baki lafiya, dan Allah a kafa asusu a taimaki baiwar Allah nan zamu bada insha Allah",hau,praise
na who dey alive dey apply for visa,pcm,general_feedback
@user Allah yasa kina tuwon harda double fire??...... Kawai sai mutum yazo ya karya lafiya lau..... Don mungaji da kayan BASIR ah Tebirin mai shayi....... Allah ya taimaka Ramatu😂😂😂,hau,praise
una carry pikin de play this kind expensive joke they cannot the ones who can no reach,pcm,praise
"RT @user: Ẹni bá dúpẹ́ oore àná, á rí òmíràn gbà. / Whoever is thankful for yesterday's kindness, will be favored with another.…",yor,praise
youre mad see you wey you want use ₦ stake to win ₦ for bet naija who dash you crypto currencies and forex your ₦k bitcoin wey don enter dip you better go an start selling gala and get a life burna boy,pcm,urgent_complaint
ndi odogwu are all on ground in lagos,ibo,general_feedback
"Ẹni a ṣe lóore tí kò dúpẹ́, bí ìgbà tí ọlọ́ṣa ko ni lẹ́rù lọ ni. / To be kind to a person who isn't thankful is akin to being robbed by a thief. [Attitude of gratitude is it; be ever thankful.] #Olaicetv #Yoruba #Olaiceman #proverb",yor,urgent_complaint
every year na me dem dey use do father christmas for my church they dont care about my mental health,pcm,urgent_complaint
lol no insults na why u de insult me na dem say de b apex bank who maintain the external reserves of the country promote monetary stability and a sound financial environment and to act as a banker of last resort and financial adviser to the federal government,pcm,general_feedback
@user Ga mari ga tsinka jaka kenan!🤓 Allah ya bashi lafiya Allah kuma ya fidda ƴan baya. Amin.,hau,praise
@user Innalillahi wa’inna illaihi raji’un ALLAH yayi mana maganin wannan cutar da gaggawa bada dadewa ba amin ya ALLAH 🙏,hau,praise
@user Allah ne kadai Zai taimaka a wannan yanayi baiwar Allah. Astagfirlah Allah ya dawo maku dasu lafiya🤲,hau,praise
well sha lagos na wah who de cry de see road,pcm,urgent_complaint
@user Dan Allah afada mun🤔🤭 ko zeyi mun maganin wata tsohuwar soyayya,hau,general_feedback
"Ẹ káàárọ̀ o, ẹ si kú déédé ìwòyí. Iba ò ní pa wá laì pẹ ọjọ́. Àmín. Àṣẹ #yoruba #WorldMalariaDay #endmalaria #RollBackMalaria",yor,praise
plzz aturomin ncdc suxo sutafi dani inason zuwa isolation center,hau,general_feedback
"Ni akoko igbiyanju yii, Mo paṣẹ fun gbogbo eniyan lati duro lailewu. Tọju si awọn ofin, COVID-19 jẹ ohun irira ti gbogbo wa tọju Ọdọmọkunrin ti ara wa. Eyi jẹ akoko ironu lori awọn nkan ti o yẹ ki a ṣe pataki si. O ṣeun #Yoruba",yor,general_feedback
one problem i don get since primary school i no dey hear word and i dey chop indomie sef e no do chop again wahala for who dey chop beans that time o,pcm,urgent_complaint
"@user Ogalanya, odogwu nwoke ike",ibo,praise
@user Sarki akwai Corona fa har ynxu 😀😀,hau,general_feedback
"@user Bakomai Akwai Allah mai girma da daukaka yanaji yana gani, Shi Zai mana maganin su insha Allah☝️",hau,praise
people who bought phones at computer village and saw fufu in di pack when they got home how una take do di fufu you chop di fufu abi you troway am i want to know,pcm,praise
@user Kafin rasuwar mamana tace sakani dariya Kuma nagama da ita lafiya Kuma tacemun xanga alheri a rayuwata Ina farinciki a duk lkcn da na tuna hakan😄,hau,praise
"RT @user: Ibaje le oro lori ibunkun owo pelu omo""""""""""""""""@user: Òjò ìbùkún ló ń rọ̀ yìí o.""""""""""""""""",yor,praise
"RT @user: @user Oba Ogbaba ti gba alail'ara, gbanigbani n'ijo ewu, A wo igba arun ma gb'eje, el'eti gb'aroye eda, Ab'eti ...",yor,praise
hmmmmmm yaukuma tir yayi ba allah wadaiba kayy mudaimuna ganin mulki mecikeda tsantsar kiyayya wayankinmu na arewa amma bakomai watara sai labari allah yakaimu da rai da lafiya yakuma karemu da kariyarsa amin badai kullum ganisukeyi talaka bayada hankaliba hmmmmm,hau,urgent_complaint
@user @user Allah ya jiqansu yasa al.itace makoma mukuma Allah kasa murabu dawanna duniya lafiya 😭😭😭,hau,praise
who talk say na wetin light skin dey cause,pcm,general_feedback
@user Allah ya mana maganin dukan cututtukan dake damun mu🙏,hau,praise
mr p i dey hungry ooyou fit just close eye run am for me based on who you be na,pcm,praise
@user To Allah ya tabbatar wa yankin mu na Arewa zaman lafiya 🙏🙏🙏,hau,praise
@user @user Yau kuma 🤔 Amma ai shine yace @user ya kullemu sbd yanada Hospital yanasamum kudi .😎😎,hau,urgent_complaint
allah ya farfado muna da harkar kiwon lafiyar kasar mu nigeria,hau,praise
chukwu bụ odogwu nwannem,ibo,praise
"@user èdè Yorùbá parun ti.Awa o ni jẹ ko wọmi, iṣẹ ki o ma parun lawa n http://t.co/uUDs4Nsohq #smwMotherTongue",yor,praise
Now on: kedu ka imere k'anyinoria na oge ndigbo 📻 @user @user https://t.co/OT5s1VLNKv,ibo,general_feedback
@user State by state ake warkewa kenan? Wannan jinya da ban al'ajabi take😂😂,hau,general_feedback
🎶▶️Ghanaian girl @user 📻#k'anyinoria na oge ndigbo @user @user,ibo,general_feedback
aaaaaaahthis entrepreneurshipi no dey do again ooooooi went to the market i dey cry please who has a rich igbo husband or a rich yoruba husband for mebecause i need to be spoiled and pampered independence is not easye be like say i no wan do again,pcm,urgent_complaint
@user Ai Har Yanzu Suna Da Sauran Hankali. By Right Kamata Yayi Ace Kana Asibitin DAWANAU 😡 🚶‍♂️🚶‍♂️🚶‍♂️,hau,urgent_complaint
"Orukomi ni Ajibola Nurudeen omo Ladipo, Omo won ni ile elesin meta ni ilu Ibadan, eko ni won bimisi, Ibadan ni mon gbe #TweetinYoruba https://t.co/ZOY8DfZlcY",yor,general_feedback
igirigi na nganga gaaga anaogwu echeta enwewe ọṅụ,ibo,general_feedback
allah ya kaimu raida lafiya,hau,praise
@user Ama’m ogwu gi. I’m coming.,ibo,general_feedback
ìkarùnún gbogbo ilé ẹ bá wa fọnrere rẹ̀ káàkiri àgbáyé it was basically designed for children whose mother tongue is not yorùbá ensure you buy one for your kids today,yor,general_feedback
fọ́nrán má ṣe fi ibalopo àrà ọ̀tọ̀ je ìyàwó rè niya pasito kan ni ghana pasito ọmọ ghana kan tí gba àwọn lokolaya níyànjú láti máa ní ibalopo alaranbara kí ìgbéyàwó wọn ba lè pé ó ní ibalopo kii ṣe eto inú yàrá nìkan,yor,praise
ya allah muna neman tsarin ka daga sharrin mutum da na aljan ya allah kada ka bari mu cutar da kowa ya allah kada ka bari a cutar da mu muna yiwa kowa fatan alkhairan duniya da lahira ️,hau,praise
allah dawo dashi lafiya dabon kano,hau,praise
@user Allah ya sauke ka lafiya ya kuma dawo da kai lafiya jagoran talakawa🙏🙏,hau,praise
omo e be like say we go protest for the whole year be that this people no rate us say na sprinkle of people oh lord,pcm,urgent_complaint
#coronavirus arun ti ko gbogun https://t.co/iFK1dQ3Hkh,yor,urgent_complaint
"Ó yàn Yorùbá gẹ́gẹ́ bíi minisita fún ètò isuna, minisita fún ilé ìgbé àti iná monamona, minisita fún eto ìlera, minisita fún ọ̀rọ̀ to ń lọ, minisita fún ibanisoro,""""""""",yor,general_feedback
@user @user Lol. Oga abukwa oo...jee nwuo ogwu gi nne,ibo,general_feedback
@user To Allah ya sah lafiya 🤭,hau,praise
@user Knmnta ynxun lkcin xafi ne ae da covid-19😩😷,hau,urgent_complaint
@user Wnn abun yazama hauka ma to ko a legas da cutar tafara bulla kuma sukafi kowa yawan masu cutur basu dauki wannan danyen hukuncin da El-rufai yake dauka akan yan jiharsa ba. Abu tun ana na hankali yafara zama na hauka 🙄,hau,urgent_complaint
"Ti Olori ba wuwa Omoluabi eje ki a so oto! Goodluck Jonathan un se gudu gudu meje, yaya mefa si Opopono Ibadan/Eko http://t.co/m78wYBxzhQ",yor,praise
RT @user: #Ibeere: Daruko ''OKE'' (Mountain) mesan ti o wa ni ilu Ibadan ti e mo. Cc @user @user @user @user omoi…,yor,general_feedback
my god see wetin klopp dey assemble still wan loan dembele from barca join again who cursed man utd na abeg we are sorry,pcm,urgent_complaint
"@user Allah Kai muke roko daka kare Mana rayukan mu da dukiyoyon mu, kuma ka kawo mana zaman lafiya a wannan kasa tamu ga baki daya🙏🙏,",hau,praise
@user Saboda Corona Virus karya ce Musamman A Nigeria/Kano Yan Banza😂😂😂,hau,urgent_complaint
i no know who dey braid your hair before sha wey make all your front hair chop come try our stylist,pcm,urgent_complaint
ill never understand a doctor showing up to work without a pen i have with me at all times and at least in the car as back up at home e go reach like sef wey dey my table,pcm,urgent_complaint
Kí ló ń jẹ́ àìsan f'ònìí-kú-fọ̀la-ǹ-de níbi tí ewé agbárí ẹtù wà! T'ewé t'egbò igi yìí lásán ni. #Yoruba #Agbo #Sicklecessanaemia,yor,general_feedback
"@user @user @user @user @user @user @user @user @user @user @user @user @user @user @user Eemm Odogwu @user biko Uja gbachaara unu ndi umunna izu, biko koruoronu anyi ndi umuada, ka anyi tikota isi onu ihe na aga aga. 🤗 Ya gazie ✊ @user &amp; @user oga adiri unu na mma.",ibo,praise
akalla lafiya sarki,hau,praise
allah kai mu lafiya babban darekta,hau,praise
"@user: @user @user @user @user mi o ro wipe riba ni oba maa n gba o,ISAKOLE ni Oba ngba"""""""""""""""" #EdeAbinibi",yor,general_feedback
da bbc da ncdc bansan wayafi karya ba wlh,hau,urgent_complaint
"@user 2000 kachal👌 Daman sun kashe shege ne wlh, masu hana kasa zaman lafiya, bazaka taba ganin ya fada shugaban kasa Christian ba saidai shugaban kasan Musulmi, kuna wai a hakan shi musulmi ne, baimaga komai ba sai ranan da ya mutu ya koma ga Allah zaiyi nayi Gwannati sun mun dai dai",hau,urgent_complaint
Ndi igbo si... Anaghi eji oria akwa nzu. Onye nwere nti ya nuru.,ibo,general_feedback
allah ya taimaki sarkin yakin corona hakimin wuhan,hau,praise
"@user @user Masha Allah, jinjina ga zaƙaƙurin gwamnanmu na jihar Wuhan a Najeriya, babu shakka wannan abu da yayi abune mai kyau kuma kamata yayi ache sauran ƴan uwansa gwamnoni su koya daga gareshi. #AcigabaDaSanya 😷😷 domin kuwa babu shakka cutar korona gaskiyane sai an siyasantar da'ita",hau,praise
allah sarki allah ya yaye muku wannan ciwon kuma masu yaudaranku sabida wannan ciwon su sani suma ba dabararsu ce tasa suke da lafiya allah yasa jinyarku ya zamo muku kaffara allah yasa ya zamo sanadin shiganku aljannah,hau,praise
"@user @user Wlh kama bazaiyi wuyaba, musamman garemu muda bamusan yadda zamuyi ba jarimmu wlh cikin sati 2 zai iya karewa, wallahi tallahi, zat sauki in corona bata Kashemu ai sai yunwa ta karasamu 😢",hau,urgent_complaint
k wey no go reach anything na y some no dey come office during the previous money back in sch playing whot like k don go on the spot,pcm,urgent_complaint
wahala for who dey put clothes wey hin cherish for machine,pcm,urgent_complaint
kut bayan corona ta dan lafa mali ce ta farko wuyar dama ace jirgi bai tashi yanxu kuwa abin nema yasamu matar driver ta haifi mota,hau,general_feedback
"RT @user: #TweetYoruba , asa ati ise Yoruba ko nii parun laelae, beeni Ewa Ede wa ko ni dibaje, ase n tedumare",yor,praise
subhanallahi gudun hijra ya kama mu saboda kasar nan tamu da aka kasa maganin maleria ballantana coronavirus,hau,urgent_complaint
@user @user Innalillahi Wa Inna Ilaihi Rajiun. Allah yayi mana maganin wannan masifa 🙏.,hau,praise
allah is there for you jikan muhammadu adawo lafiya,hau,praise
na who get money dey vex this kind vex,pcm,urgent_complaint
@user Wannan sabuwar hanyace ta neman rashin son zaman lafiya a duniya kawai😡,hau,urgent_complaint
"@user Wllh wannan azzalumi magani guda a harbe shi har lahira domin yazama darasi ga azzalummai irin shi, Ni gaskiya banga alamun yin adalci a gwamnatin Shugaba @user ba wllh, Wannan ta'asa har ina?😭😭😭😭😭😭😭😭😭😭😭😭😭😭",hau,urgent_complaint
@user Ya tabbata kovik 19 birus cutar masu kudi ce.😶,hau,general_feedback
@user Waga DUNIYA 🌎👈 allah yasa mutashi daga cikinta lafiya zamani kenan 🤔🤔🤔,hau,praise
the tide is high but im holding on im going to be your number one im not the kind of girl who gives up just like that oh nooo oooo im having a blondie moment if you dont recognise the lyrics you maybe too young this one is for the babies,pcm,praise
who go settle dis bayi oo manager don vex say he knw want them again oooo,pcm,urgent_complaint
@user 😂😂😂 Alhaji yawale a sauka lafiya,hau,praise
hw can service chiefs about of dem leave dere houses for an event dt even the common man knows it was a political event and u are saying dey were not aware who did we offend in dis country why are we being treated like dis,pcm,urgent_complaint
e dey vex am now because wat don tell the whole world,pcm,urgent_complaint
gaskia akwai lauje cikin nadi wannan duk bazai wuce politics ba kuma bazai rasa alaqa da tallafin kudi da gwamnatin kano ta nema ba ga gwamnatin garayya nidai ban tabajin inda aka fara gwajin covid ba kuma aka dakatar sai a kano this is very bad wallahi,hau,urgent_complaint
"@user Innalillahy wa'inna ilaihy raji'un! 😔 Ba asibiti, Bare Mota da zata kai ka asibiti. 🤨 Abunda bai fi karfin gwamnati Jaha ba. Allah ya shirya mana shuwagabanni mu",hau,praise
"Ẹni tó ńbẹ̀rù àti ṣubú, àti dìde á nira fún un. / Whoever is scared of falling will find rising pretty tough. [Nothing ventured, nothing gained; be bullish; be open to taking calculated risks.]~@user #Yoruba #proverb #SARSMUSTEND #EndPoliceBrutality",yor,urgent_complaint
@user @user @user @user Orílẹ̀ èdè Nàìjíríà ni àwọn ilé iṣẹ́ ti máa ń fi ọwọ́ relẹ́ oníbàárà nímú. Nigeria ni ilé-iṣẹ́ ọjà ti máa ń fi ojú ẹ̀tọ́ ọmọ ènìyàn gbolẹ̀. #EtoOnibaara #consumerright #brandnegligence #LiveYourBestLife @user @user @user,yor,urgent_complaint
Èdè Yorùbá L'árinrin l'órí Rédíò @user pẹ̀lú @user moninkanola @user @user E maa gbo Tele wa 👉@user #edelman #ede #yoruba #asoebi #ibadanwedding #asooke… https://t.co/4M6QDMkKQ7,yor,praise
ask for more accountability from your governorgovernment instead of trying to drag ncdc by saying what rubbish your governor failed kano by reopening mosques for prayers amidst clamours of the raving virus wetin dey do una for this bird app sef,pcm,urgent_complaint
@user Ndi ogwu ego 😭😭😭,ibo,urgent_complaint
"RT @user: @user oke-oke lemu n ru si I, owo yin yio maa lo soke o. Ede ati Asa Yoruba ko ni parun",yor,praise
lol ah who dey reject you dem dey craze,pcm,urgent_complaint
"@user @user Hapu okwu, Chelsea bu odogwu, ha ga emeri Bayern",ibo,general_feedback
@user To allah yabawa baban mu lafiya Amin ya Allah 🙏,hau,praise
"@user Ba CORONA CE tajefasu a mawuyacin hali ba shuwagabannmu ne suka jefasu a mawuyacin hali, kai duk Al'ummar qasarnan mahukuntanmu ne suka jefamu a mawuyacin hali, sbd buqatar ransu, Allah zai saka Mana😭😭😭😭😭",hau,urgent_complaint
hahaha wuya ko da magani ba dadi mun aha gaya muku cewan abduljabbar yafi karfin wayannan mutanen ya fisu hujja da komai sannan don allah waye wannan mutumin shima malami ne za ayi muqabala dashi,hau,urgent_complaint
i get husband na lol who for marry you e for fit u sha thank god im not gay,pcm,praise
@user To fa 😳 😳 Allah de yasa lafiya,hau,praise
corona ta sa komi ya canza hadda bbc news hausa sun koma inspirational speakers,hau,general_feedback
"Wọ́n á ki #Ibadan, """"""""""""""""Ìbàdàn m'esì ọ̀ gọ̀"""""""""""""""". Kíni ìtumọ̀ Oríkìi nì? Kí ni esi? #Ibeere #Yoruba",yor,general_feedback
"@user Nna makachukwu ehn, e Bu Ezi bote Nwa afo..... Odogwu Karaka.🤞",ibo,praise
allah ya kawo muna karshen wannan rashin lafiyar,hau,praise
who go fit help me with visa nau abeg buhari just threatened protesters sly people wey die for toll gate and tell international communities to face front and mind their business still far olúwa ẹyin oyinbo ẹ dé fún mi ní visa ejooo,pcm,urgent_complaint
"@user Wannan Allah wadai da kakeyi babu maganin abunda zatayi, kamata yayi kayi amfani da tsohuwar fasaharka ta mulkin soja domin ka tabbatar da zaman lafiya a kasa Baki daya, BABA KABAMU KUNYA WALLAHI """"""""""""""""""""""""""""""""YAR AREWA MUNA CIKIN TSAKA MAIWUYA😩😩😩",hau,urgent_complaint
lets pray for our ladies who goes for dates with random men cos of nice food and drinks they are correct oshofree girls and na them de suffer pass for men hand na this kind girls men they always like na cos as the girl came to chop food the guy also came to chop her,pcm,urgent_complaint
@user @user Ọkwa ya!! Mana odogwu ahụ adicha ho njo nke òtù ahụ na uche nkem,ibo,general_feedback
@user @user @user @user @user Allah yabada zaman lafiya 🙏🙏 couple,hau,praise
when you don comot the whole thing from body you go con consider say knacks no worth abj house rent,pcm,urgent_complaint
Àwọn t'ó ń ṣe ọkọ̀ bí i @user l'ó ń léwájú nínú ìṣejáde ọkọ̀ oníná. @user náà ti ń gbìyànjú láti wá ọ̀nà tí wọn yóò gbà fi ohun-èlò tí ó ń lo iná ọba sí gbogbo ọkọ̀ ayọ́kẹ́lẹ́ tí wọ́n bá ṣe láti ọdún 2020. #IbajeAyika #InaManamana #NoFossilFuel,yor,general_feedback
this igp too sabi work before e happen hin don know who do am,pcm,praise
allah akbar ya allah yay mana maganin corona next year mucika a hajj ya allah,hau,praise
Ogùn(Medicine) ogùn(Charm) Ogun(War) ogùn (State) ogùn(God of iron) ogun(Stab) Ogun(Twenty) ogùn(Sweat) Ogùn(Property) HIT like if U're Proudly #Yoruba,yor,general_feedback
"RT @user: We're proud of where we grew up ÌBÀDÀN, mèsi ògò nílé Olúuòyé You're proud of IBADAN, hit the RT button #Yoruba | Odu…",yor,praise
"@user Chimnonyelum, Anu ana-agba egbe,o na-ata nri. Ekwueme1, Oji obara akpu nwa. Nwanne otu onye. Chinahuzo,Chinagozim,Omemma, Otu onye ana-asi unu abiala. Agbanweghi agbanwe Di nwanyi ajadu. Odogwu n'agha. Chinaedumebi. Chukwuokike imeka oo",ibo,praise
🎤OnyedikagiEkene diri gi Onye nagoworia Onyedikagi?Ekene diri gi onyene meme 🎤#WalkInForgiveness #EmpoweredToDoExploits #Insight #Jesus,ibo,praise
báa gún iyán nínú ewé táa se ọbẹ̀ nínú èpo ẹpà ẹni máa yó á yó even if we pound yam in a leaf and prepare the soup in a groundnut pod those who would be full would be no impossibility keep hope alive,yor,praise
independence wholesale promo buy a bundleyards of this beautiful fabric at nk final and friendly price awoof wey no dey run belle click on the whatsapp link or slide into,pcm,praise
"@user Wnn duk zancen banza ne, me jiya tayi balantana yau😏😏 kullum babu agender yadda za ayi a daina kashe mutane sai agendar banza da wofi kuma wlh indai ba'ai maganin rashin aikin yi ba kullum hk abubuwa za suyi ta karuwa",hau,urgent_complaint
@user Ni dukkansu babu wanda zanyabawa tsakaninmu dasu allah ya Isa baruwa bahuta ba hanyoyi masu kyau babu asibitoci isasu babu abinci mai kyau ga talaka tir da mulkisu duka musammama buhari allah wadaransa yafi kowa cutar damu 😭,hau,urgent_complaint
@user Ummh kai Dan Nigeria Kawai an maida shi bai San komai ba mun yarda da cutar a duniya am ma ba a Nigeria Kawai su gama neman kudin sude komai lokacine 🤙,hau,urgent_complaint
ilu ibadan ni ipinle oyo orilede nijiria mo feran ilu ibadan pupo ilu awa akoni,yor,praise
where are all the influencers her on what r u people doing are u sleeping na dem dey treat like trash oh these r d next people to enter workforce please who will start a new hashtag campaign for this inhumane treatment,pcm,urgent_complaint
"@user Thanks Odogwu, akam di n'elu🙌🙌",ibo,praise
RT @user: @user ojumo ti mo nile kaaro oojiire. Ki onikaluku yara mo ise ni o...isè ni oogun ìsé,yor,praise
craze man no be who naked dey waka o you dey mad pedophile,pcm,urgent_complaint
@user Allah y kyauta y Kuma Yi mana maganin wayanda suke daukar nauyin kungiyar Boko haram Amma mu ma fah y kamata mu dawo mu bi Allah sannan mu yawaita istigfari Se Allah y kawo mana dauki chikin halin d muka tsinchi kanmu a chiki a Najeriya 🇳🇬,hau,praise
a ji ire bi iba akoda iba aseda iba awon to ni aye o,yor,praise
@user 1Kura kenan gatsoro ga ban tsoro 2Kura kinci Na mutane Anzamna lafiya 3Kura Anci Naki Angaza Barci 😫👀 4Kura keci da gashi 😾😾😾😳😳😳,hau,general_feedback
"L'ana, ọjọ́ Ìṣẹgun, ènìyàn tó ní àrun #coronavirus ní orílẹ̀-èdè Nàìjíríà jẹ́ igba ati m'ọkan-le-l'ọgorin, àjọ NCDC lo sọ bẹẹ. |#EdeYorubaDunLeti #Yoruba #wednesdaythought #CoronaVaccine #COVID19 #COVID #COVID19Nigeria Trump https://t.co/994ep4JoZM",yor,urgent_complaint
#Yoruba Aifarabale. Olori Aarun.,yor,urgent_complaint
odogwu na ọkụ nọ ọkụ ka ana àlà ònye ekpenta ma osisi ga gote lu ụtụ gị igbu afia biko,ibo,general_feedback
@user Tell ɢᴏᴏᴅ👍 world or silent 🤐 Kuce Allah yadawo da shi lafiya just,hau,praise
allah kai mana maganin wanan chutar,hau,praise
"@user Allah ya jikan wadanda suka rasa rayukansu acikin wannan mummunan al'amari.😭 Ya kamata hukumomin da aka dourawa nauyin lura da gine-gine su dinga shiga unguwan ni don duban lafiyan gidaje, ba sai gini ya rufta su tashi su kai agaji ba.",hau,praise
"RT @user: Ẹni tí bíńtín ò tó, púpọ̀ yóò jìnnà sí i. / Abundance will be far from whoever is not contented with a little. [Conten…",yor,urgent_complaint
"@user In kana duniya Abun mamaki sai ishika, Ya Allah kayi maganinsu 🤲🏽",hau,praise
corona loosing ta kama mutanen,hau,urgent_complaint
"RT @user: @user A o tun ile iwosan marun miran se bi aba pari marun akooko( Offa, Ilorin, Share, Omu aran ati Kaiama) ...",yor,praise
my padi make mouth to me i flog am o for fifa the real matter na hin be say he don cook and e no cook my own who go help us settle like this,pcm,urgent_complaint
"@user Anyi musu ciki anyimusu goyo knn.😰 Aiko da Wiwi din dake fadin Najeriya ta kare, shi ko ruwan rigakafin corona bai baiyi kwantaiba.",hau,urgent_complaint
tell us whos paying you or your own pay master is not doing enough everytime one stand up for the truth one is been paid well am not surprised cause unah no fit do anything on your own will,pcm,urgent_complaint
Ogún - 20 Ògùn - Drug Ògùn - State Ògùn - Charm Òógùn - Sweat Ògún - Iron Ó gúun - Stab Ogun - War Ogún - Property Ó gùún - Climb O gun - Long #Yoruba🇳🇬 https://t.co/7ivTjgX5Yb,yor,general_feedback
Tani àwọn Yorùbá máa n pe ni ọmọ papanlangi? |#EdeYorubaDunLeti #yoruba #MondayMotivaton #kahush #COVID19 #ChicagoRiots #sackdawnbutler #방탄소년단 #ImTiredOfThisLockdown #창빈이의_빈나는_생일을_축하해 #ธรรมศาสตร์จะไม่ทน #qanda #Monday,yor,urgent_complaint
@user 😁 Dama ace yunwa ce take damun ta. Yafi ciwo a gare ta👌,hau,urgent_complaint
"Ọmọdebinrin osere tiata nigbakan, Ọpẹmipọ Bamgbọpa, nibayii to pada sinu isẹ tiata bii ọlọmọge ni, ọpọ awọn ọkunrin to wa nibẹ lo n sọ fun oun pe ‘sebi ọwọ wa lo dagba si, jẹ ka kuku maa tọju rẹ lọ’. https://t.co/v1XXSMYWh1",yor,general_feedback
a lot is happening but my country case is worst oh corona pipeline explosion boko haram nepa wahala dey one side all dey can do is to celebrate the removal of naira from fuel ️ lord na who dey do us,pcm,urgent_complaint
"@user @user @user @user @user @user @user @user @user @user @user Nwoke oma... Nwoke ejieje mba, nwoke di egwu, softu 1 of Dazlyn Fruity... Odogwu...Dimkpa... Daalu rinne",ibo,praise
mixing and mastering is so damn stressfulyou fit just dey hear some kind breath underneat the recording who dey actually breeeett,pcm,urgent_complaint
t patients ndi nke choolu igo ticket machine kaobu nke motor,ibo,general_feedback
exam na school disease uj students are highly contagious right now abeg make exams no be part of school na wetin una think,pcm,urgent_complaint
wahala for who dey use cutlery chop swallow,pcm,urgent_complaint
"@user Ogaranya neme ife masilia. Ubochi amulu nwoke, ka Ikenga ya kwu oto. Ife eji eme odogwu bulu ibu Afam by ndiakwa 1. Ono n'ikpo gbuo Agu 2.Ofu Ukwu nkwu ka abo 3. Ashika ome....omebe 4. Ekwuo ma onoghi,mgbe onolu,ekwughasia 5. Nwa zokpolu udu agu Nna,tuo mu dike 😁😁",ibo,general_feedback
covid has done more damage dan good to me dis year d fact dat i wont be able to open my store dis year is so heart breaking whenever i think about it i just feel like throwing myself on d floor while wailing my eyes out its so unfair,pcm,urgent_complaint
@user Nifa daman na dade da tsanan WHO din nan ☹️,hau,urgent_complaint
"O Lord, let men know that You, whose name is Jehovah, are the Most High over all the earth - Psalm 83:18 ORIN DAFIDI 83:18 [18] Ki awọn enia ki o le mọ̀ pe iwọ, orukọ ẹni-kanṣoṣo ti ijẹ Jehofah, iwọ li Ọga-ogo lori aiye gbogbo. (#yoruba ) #Prayer https://t.co/Iq2G5XDj5c",yor,praise
"9. Ìyálóde Ẹ̀fúnṣetán Aníwúrà ni a gbọ́ wípé ó máa ń kọrin pé : """"""""""""""""""""""""""""""""Yọkọlú-yọkọlú kò wa tán bí Ìyàwó gb'ọ́kọ ṣán'lẹ̀ Ọkọ́ yọ'ké!"""""""""""""""""""""""""""""""" Kí ni ìtúmọ̀ yọkọlú-yọkọlú? #Ibeere #Yoruba #Efunsetan #Ibadan",yor,general_feedback
ogun korakora ni je ekuru funfun ogun onire agba agbo bi e ba gunyan nile efi toogun sile bi e ba rooka nile efi toogun sile nitori ogun lo roko ogun lo pa ajuba,yor,general_feedback
"@user A kara yawan maiakatan tsaron, ta wajen diban wadanda suke so ba yaran 'yan siyasa ba. Sannan a inganta albashin su, kuma a kara saka ido akan gurbatattun ciki. Tabbas idan akayi haka za' a samu sauki matuka. Allah ya bawa kasar mu lafiya dama duniya baki daya. Amin.🤲",hau,praise
omo atata bayi la se ni ile wa ewo bomi ni asha ati isewa ka ma seje ko parun where ever we see ourselves dont let us forget our and our,yor,praise
"Tani jeun ti aja un juru, Ebenezer Babatope na un soro.... ara awon ojelu ti won tan @user de iparun re o https://t.co/BVAPVTwIXR",yor,urgent_complaint
na today i knw day emoney na my brother cos we av same surname abeg make who na help me locate him page,pcm,praise
"RT @user: Oro Ajimobi ni'a mu wa si Iranti yin: """"""""""""""""Ajimobi ti ba Ibadan ję o Ole ni yin boda Isiaka, ę ta ile we"""""""""""""""" #TweetinYoruba h…",yor,urgent_complaint
allah ya ji kukansu allah yai muku maganin kafiran da suke damunku allah ya kare musulmi da musulunci ameeeen,hau,praise
@user Wai Dan uwar turawan nan dole se goga mana ne🤔 kawai dan sun ga mun fisu lafiya shine suke so su manna mana hauka mu ma😠😠,hau,urgent_complaint
anambra branch wants my to verify me una dey mad utunnukeep ur verification wait who contacted you he say na thank you for contacting us magodo gra phase ii,pcm,praise
if you go to that party behind metheyll not give you rice chop and if them give you rice meat know go dey on top ami hate rubbish‍️now im just home alone looking like person wey lost her way to naija abeg who get party for there area lemme turn up please,pcm,urgent_complaint
we are starving in dis country pls epp us only d strong can survive dis pandemic try to understand peoples grievance anoda days the st days sef knws how it went fine u said we should stay home then u av to provide d needs for us we just dont want dis anymore,pcm,praise
fever soup wey sweet na money dey cook am,pcm,praise
#NP Ozo Bu Iwe m @user #K'anyinoria na oge ndigbo @user @user,ibo,general_feedback
Ó tìtorì OGÚN (Inheritance) dá OGUN (war) sile. OGUN (war) dé O n la ÒÓGÙN.(sweat) Ó lo sí ÒGÙN (state) lo gba ÒÒGÙN (medicine) lódò ÒGÚN (god of iron) OGÚN (twenty) ojo lo fi lo ÒÒGÙN (medicine) ÒÓGÙN(sweat) Isn't this beautiful? #yoruba #ONDO,yor,urgent_complaint
tomorrow now after i jog to and fro from my house down to stadium e go kon be like say dem take padlock lock my legs sad part is that na una go still gas me lanre body glow six pack take style save lives the real question is are all these necesary who do i owe this body,pcm,urgent_complaint
"Kí a pọn omi sílẹ̀ de òngbẹ́, kí iba má báa rí àyè ṣe iṣẹ́ láabi ọwọ́ rẹ̀. #yoruba #malaria #EndMalaria #Ogun#OyoState#Ekiti#Osun#Kwara",yor,praise
if dem allow us comot after this whole corona various ish i fit no enter house back till after like three days,pcm,praise
tanbayata itace meyasa yan jarida basa kamuwa da cutar corona virus,hau,general_feedback
hanti true love don die o as him wan cross express him no see keke napep for him left na so the keke napep jam am trailer mash am for head people gather dem come dey look am dem rush am go hospital mr doctor no fit save am na so true love come die ooo ‍️ fkc,pcm,urgent_complaint
@user 💞 ALLAH 💞 yay mana maganin wannan musiba,hau,praise
@user Wakilan Corona yan wahala 😒😒,hau,urgent_complaint
ya allah kazunar da kasata nigeria lafiya ya allah dukaine wanda bayason zaman lafiya to allah gaka gashi a allah kabawa sojoji nigeria nasarr akan makiyan nigeria,hau,praise
this is my own little way of saying happy birthday i want to join aunt to dash you money its small but mange it na wetin i fit afford at least it would get a bottle water for you whole on stage i love you teni keep breaking boundaries,pcm,praise
nkan ti mo so fun awon ore mi niyen pe ki ilu to le yipada hun ise nla tori iwa ibaj,yor,urgent_complaint
"Àwọn Iléèjọsìn ní Greece àti Àríwá Macedonia kọ̀ láti yọwọ́ ìlànà-ìsìn wọn padà k'ó ba má fàyè gba àjàkálẹ̀ àrùn #COVIDー19 t'ó ń ràn ká. https://t.co/Xtpk2HukUi """"""""""""""""Ọ̀rọ̀-òdì sí Olúwa ni láti ní ìgbàgbọ́ wí pé ènìyàn lè tara Jíjẹ ara-àti-mímu-ẹ̀jẹ̀ Olúwa kó ààrùn.",yor,urgent_complaint
@user Wace irin rashin lafiya ke dashi??😮.. don't tell me Corona😞,hau,urgent_complaint
ydg fatan mu allah ya yaye ma masu dauke da wannan cutar ta diabetes ameen bin umurnin kaidojin da aka shimfida shine mafita,hau,praise
"Gómìnà @user, ẹ kú àṣálẹ́. Ẹ gbọ́ kí ló ń ṣẹlẹ̀ ń'Bàdàn? #Ibadanmajamaja #Yoruba",yor,praise
"@user Kei wnn mutumi wnn mutumi wato Corona tayi sauki sei fita ko karshen Kuma bazei wuce yace rikicin siyasar kasar zai sasanta ba Don jiya akace wancan bakin macijin yayi ganawar sirri dashi,Amma dei wallahi Allah wadei kaji da matsalar kasarka Amma sei yawan banza ka iya😠.",hau,urgent_complaint
@user Wa yake ta shagali biki a wannan Hali da ake ciki💔. Allah ya basu zaman lafiya.,hau,praise
which kain wahala be this na naija no good naija no good but people go dey carry sickness dey come naija i pray it is contained and we find the cure here amen,pcm,urgent_complaint
rain pls is enough i dont wash my blanket for threedays now e no fi dry am tired of taking it in and out like a patient,pcm,urgent_complaint
@user In kura na maganin zawo tayi wa kanta. Suma su kare kansu😏😏😏😏,hau,urgent_complaint
looooolz who be terry g for here wey dey gbagaun,pcm,urgent_complaint
people wey dey lead us dey forge certificates up and dan abeg who certificate help gimme the money,pcm,urgent_complaint
abeg ma help me im down sick nothing to eat no foodstuffs please biko dont let me of lockdown biko if coronavirus kill person e better make hunger kill person o,pcm,praise
see na wetin dem like be that if na hospital now dem go price am like kote,pcm,urgent_complaint
Igba - Time Igba - Calabash Igba - Two hundred Igba - Garden Egg Ogun - Medicine Ogun - Twenty Ogun - He stabbed it/him/her Ogun - Charm Ogun - Property Ogun - Long Ogun - Wailing Ogun - Yoruba Mythical Iron Deity You heard #Yoruba #GoodMorning https://t.co/hNJYQWMbPg,yor,general_feedback
new body who this na wetin dey shak am who wouldnt it shak,pcm,praise
e no get who no get him own wahalaeverybody just de smile de waka jeje so if person no fit helep you todaynwannem nwoke nwanyi understand and move on if you continue to worry am and him block you patapatae no mean say him wicked o e only mean say you no get sense,pcm,praise
"RT @user: Ẹni tó jẹ ọba tán tó tún ńwo òkè fẹ̀ fẹ̀ fẹ̀, ṣé ó fẹ́ di Olódùmarè ni? Does the person who kept looking upwards in di…",yor,urgent_complaint
awon china ti je eso ajara na china chop meet the whole world came dey wash hand nawa,pcm,urgent_complaint
@user Baba manjo 🤣 aikin ka na kyau my people please stay safe Corona virus is real🤓🤓aciga ba da wanke hanu ✊ stay safe 🧝 And don't forget Always wear your face mask😷,hau,praise
@user Wai daman akwai corona har ynx tabbbb😂.,hau,general_feedback
"Ìbọn t'ó wọ ìlú """"""""""""""""ẹ̀bá ọ̀dán"""""""""""""""" ò ṣẹ̀hìn obìnrin alágídí yìí. Ní 1872, #IyalodeIbadan yá ọmọ ogun Ìbàdàn ní ìhámọ́ra ogun.",yor,urgent_complaint
@user Happy birthday odogwu Ka ezi gi bulu so nma 🙏,ibo,praise
@user Ya kamata likitoci au duba lafiyayye wannan mutumin.. shikenan daga shine ya kowa wa yen kaduna wanka sai kuma shine mafi sanuwar bahaushe a duniya.. akwai matsala jama'a😂,hau,urgent_complaint
"RT @user: L'ana, ọjọ́ Ìṣẹgun, ènìyàn tó ní àrun #coronavirus ní orílẹ̀-èdè Nàìjíríà jẹ́ igba ati m'ọkan-le-l'ọgorin, àjọ NCDC lo s…",yor,urgent_complaint
RT @user: @user @user mo gbo wi pe ojo naa ro ni Ibadan ati Abuja,yor,general_feedback
who be dis u see anything wey resemble giveaway for there u sure say u de see well,pcm,urgent_complaint
"Who read this before? """"""""""""""""""""""""""""""""In-depth Yoruba Phonology and Grammar"""""""""""""""""""""""""""""""" 😁 Ìwé pàtàkì fún ẹni tí ó fẹ́ kọ́ gírámà èdè Yorùbá fún sísọ pẹ̀lú kíkọ tó já geere. #IjinleFonolojiAtiGiramaEdeYoruba #Atelewo #Yoruba #YorubaBooks https://t.co/ZHokiFuP4B",yor,praise
@user Ancemuku mu marasa lafiya kuje kunemo bokoharam a duk inda suke ba corona bane masalar yan Nigeria 🇳🇬,hau,urgent_complaint
@user @user YES!!! IGWE IGHALO 🇳🇬 Odogwu!,ibo,praise
my people who wan chop im cooking sth get ur ticket now the food go sweet oo wen i cook am finish the nnewi hotel and event centre,pcm,praise
@user 😂😂 Yasin munpi tsoron talauci akan corona🥴🥴,hau,urgent_complaint
yorùbá ò gbọdọ̀ parun èdè gẹ̀ẹ́sì ò dí èdè yorùbá lọ́wọ́ ẹ kọ́ ọmọ lédè,yor,praise
ẹní bá fẹ́ jẹ iṣẹ́ ẹ̀ pẹ́ máa ńbínú mọ níwọ̀n ni whoever wants to long enjoy the fruits of his labor ought to be in control of his temper moderation and tolerance are crucial to longevity,yor,praise
@user Allah yabada saa yamana maganin wannan fitina🙏,hau,praise
Egbe Oselu UPN ti yo apoti ni idi Oludari Dokita Frederick Fasehun! Wan ni wipe onijekuje ni Dokita Fasehun. Ogbeni Manzo ni Oludari tuntun,yor,urgent_complaint
.@user omo ti iya bi to fi oja pon. Mo taka osi danu. Afi ki awon woli ati awon irunmole se etutu iwosan http://t.co/pQK5G9Dv0B,yor,praise
@user Mamanmu maganin kukanmu😍💔💔💔😂,hau,praise
"RT @user: @user a o ni ji l'eku l'owo, a o ni ji l'arun l'owo º°˚˚°º ,,,,,, okookan l'ama ji o. █▓▒░O░D░A░R░O░▒▓█",yor,praise
the doctor on duty this weekend na just weyrey i swear small headache admission straight i don dispense nsaline and dsaline like say na small chops am do reach abeg,pcm,urgent_complaint
"Àwọn tó ń mú igbega bá àṣà àti ìṣe Yoruba lọ́nà iwuri. 👇 @user 👇📺 Ogbeni @user ti gbogbo ènìyàn mo sì Oranmiyan baba Kabiru A bíi @user ni 🇳🇬Nigeria👇 ojo Arundinlogbon, osu karun, odun 1957. https://t.co/KBgUMWWujf",yor,praise
pls who has the dg of nysc number or email this my cds pple think they can extort me of k for project wey dey inconclusive abi them think say k plenty ni,pcm,urgent_complaint
ọba tí kì í fẹ́ gba ìmọ̀ràn irú wọn kì í pẹ́ fi ẹsẹ̀ kọ any king who despises wise counsel hardly takes long before stumbling no one knows it all be humble to learn from anyone to spurn good counsels is to expose oneself to avoidable errors,yor,urgent_complaint
oruko mi ni olumuyiwa omo akanmuibadannile oluyoleilu ogunmolaolodogbo keri loju ogun ilu ibikunle alagbala jayajaya,yor,general_feedback
▶️🎧No competition @user @user #k'anyinoria naoge ndigbo @user @user https://t.co/dT0H8zeubi,ibo,general_feedback
@user YDG illar cin abincin jabu KO Wanda aka sauyawa kwayoyin halittu akoi matsalar gaske yana iya Kai ga rasa rai KO kuma reshin lfy😭😭,hau,urgent_complaint
this babe posted on her snap that she wanted a new laptop and her followers started sending in money again where una dey see all these money wey una dey dash people who,pcm,praise
odogwu gbasie ike jehova du we gị,ibo,praise
e be like say pastor don tell this bros say na hospital he go find wife you see nurse carry front carry back use nose mask use glasses wear hair net everything covered up you dey tell her she is beautiful bros you are a born liar joor why are we like this sef,pcm,urgent_complaint
#EndDrugs #CreatAwareness #DontDoDrugs #StopDrugAbuse #OgeneigboVoiceOfNdigbo #IgbosInDiaspora #Odirachukwumma @user Daalunu @user Chukwu goziwerem gi @user Deeme Olu @user @user @user @user @user @user,ibo,praise
muddin zaa banzatar da matasan kasar nan zaman lafiya da lumana ya kare ga kowa,hau,urgent_complaint
happy birthday mazidikwandu kanka na udooganiru nakwa eziahuike ka akpagi juputa na iheoma na ego gbara okpurukpu mgbe obula ya gazie,ibo,praise
e be like say time don reach sef na who naira epp,pcm,praise
which one is behind again loool who dis prity boy sweetie do u ave a behind to go wit dat face,pcm,praise
"@user @user Matakin farko dayakamata abi wajen Tabbatar da tsaro a Nigeria shine samar da ingantaccen ilimi ga yan kasa dakuma bude hanyoyin dogaro dakai, Saboda abu biyu ke kawo wannan taadancin, sune Jahilci Da Talauci 😰, Allahu yakara wanzar da zaman Lafiya a Nigeria.",hau,praise
@user Subhanallahi. #Allah ka mana maganin wannan al'amari🙏😰😫,hau,praise
barkley that was worth £m last season and who dey even turned down £m offer na who dem sell for £m now chai football ehn,pcm,urgent_complaint
so na now dem dey follow me reason say one of the confirmed convid patients for kt today na for our area worst news is he lives on the street next to ours next to our majlis and he came in contact with people i was with today so help us god,pcm,urgent_complaint
when you don comot the whole thing from body you go con consider say knacks no worth abj house rent,pcm,urgent_complaint
baba manjo aikin ka na kyau my people please stay safe corona virus is realaciga ba da wanke hanu stay safe and dont forget always wear your face mask,hau,praise
nifa ingayamaku gasky wlh nafi tsoron cinnaka akan coronar nigeria,hau,general_feedback
they said im eating like a thief in this house no be una fault o na corona cause am,pcm,urgent_complaint
@user Bịa jee treatie malaria nwoke ọma,ibo,general_feedback
@user Meyasa Amurka basu son duniya ta zauna lafiyane🤔🤔🤔,hau,urgent_complaint
@user Ilera fun gbogbo eniyan In #Yoruba #HealthForAll #TranslationDay,yor,praise
@user Mukuma yanxu xamu fara namu harse anyi maganin corona😂,hau,general_feedback
"Ise logun ise, ore mi, Mura sise Ojo nlo..... #yoruba #ibadanlawa #ibadanprenure",yor,praise
i was jejely trying to start something with one and casually babe mentions her boyfriend see i don tire bross make this rubbish corona just stop make i go dey shoot my film i don tire,pcm,urgent_complaint
"Odogwu onye united,ekene na udo gá àdi https://t.co/L8A0EVHbkw",ibo,praise
"@user @user @user @user Ní ọjọ́ kẹrìndínlógún oṣù Ògún, @user kàn sí mi, wọ́n ní àwọn ti parí ètò, wọ́n béèrè bóyá tàbí NB ti pè mí, wọ́n sì gba ojú òpó ẹ̀rọ-ìbánisọ̀rọ̀ọ mi. Títí di àkókò yìí, n kò gba ìpè. #EtoOnibaara #consumerright #brandnegligence #LiveYourBestLife @user https://t.co/kooDnm01lp",yor,general_feedback
🎶▶️ kwakiri na dance @user 📻#k'anyinoria na oge ndigbo @user @user,ibo,general_feedback
@user Allah ubangiji yakara mishi lafiya😢😔,hau,praise
some of dis artist na just money make dem fresh make una see fireboy see as d guy be na e be like who no dey see food chop,pcm,urgent_complaint
@user Allah ka kawo muna karshensu a doron kasa....shine addu ar mu insunfi karfii hukuma basu fi karfin allah (s.w.a)...😭😭😭 shi zaiyi muna maganinsu...,hau,praise
was dem don lock am who unlock am sef me i no dey see road again oh,pcm,urgent_complaint
shitttttttt tried to clean my ears with an earbud and i think i pushed the wax further in my right ear don deaf oo abeg where the doctors for my tl im panicking,pcm,urgent_complaint
im d friend who doesnt settle for mediocrity i push you to your full potential im the ginger man im the strong friend with the pep talk decisive advise d one everyone waits to give final suggestion im the honest leader cos i go tell you as e be in d sweetest way,pcm,urgent_complaint
@user Yayi duk abinda yaga dama Allah ya tsinema coronar😏,hau,urgent_complaint
"@user Ai muddun kanaso kaga shugaba Buhari ya ɗauki matakin gaggawa ayi batu akan wani abu da zai nemi taɓa lafiyarsa ya rabashi da fadar gwamnati (Villa) koda na kwana ɗaya ne kuwa, wallahi da ace Buhari na son al'ummar Najeriya kwatan kwacin yadda yakeson fadar gwamɓati da an huta.🚶",hau,urgent_complaint
owerri we don land who dey dis twn,pcm,praise
na whoana woman go carry dis kain meanness,pcm,urgent_complaint
my doctor said i should have a sleep of hrs on the go and i was like this guy dey joke sha the highest sleep i can go is hrs how do people sleep for hrs when i never dey ok even when am sleeping my head go dey tell me say hope you know you are still poor,pcm,urgent_complaint
buhari na yan nigeria antabofa masu uwa agindin murhu babu zama lafiya muddi baigano bakin zarenba,hau,urgent_complaint
eba wa gbe agbejero agba nijeria femi falana laruge femi ti pe ọgọta odun femi a pe laiye fun ile oodua barisita femi je baba fun akorin igbalode folarin ti inogije re je abi femi si ilu ilawe ekiti ni ogun ojo osu karun odun,yor,praise
"Ọlọ́run tó ńse ọbẹ̀, kò tí ì kúrò ní ìdí ààrò. / God who is cooking the soup, has not left the kitchen. [Keep hope alive; absolutely nothing is beyond God.] #Yoruba #proverb",yor,praise
k wey no go reach anything na y some no dey come office during the previous money back in sch playing whot like k don go on the spot,pcm,urgent_complaint
@user Koba CORONA Sai Ka Mutu🙄 🚶‍♂️🚶‍♂️🚶‍♂️,hau,urgent_complaint
@user Masha Allah 🤲 Allah yakaimu darai da lafiya na so ♥️,hau,praise
happy democracy say to those who preactce and still believe in true democracy for my country because last last all this old men dey use our future abeg na how many future person dey get democracy,pcm,urgent_complaint
@user Mu dai a ƙasar mu Nigeria sai jibi za'a yi Sallar Idi. Muna yin muku fatan alkhairi da yin shagulgular sallah lafiya🙏,hau,praise
eluwa anyinoria na oge ndigbo,ibo,praise
"Chukwunna bi n'eluigwe, ogodo ya n'akpu n'ala. Okaka! Odogwu n'agha. Afu dimkpa, afu ogologo imi ya. Agada gbachiri uzo. Nwoke gara ije n'elu mmiri. Eze, anyi ekele gi maka ogo na afoma gi na ndu anyi. Kele kwaa gi na ndu nke I nyere anyi N'ubochi taa. N'ara ekele anyi Daddy🙏",ibo,praise
orisirisi ni a sa n gbo ni orileede naijiria yii awon agbebon tun pa osise eto ilera mewa ni ilu kano,yor,urgent_complaint
iba fun eledua,yor,praise
RT @user: @user Ogbon won fe jora won na. Fashola npa mekunu lekun. On da won sinu ibanuje laibikita.Opo ko ni ilemo. ...,yor,urgent_complaint
@user Tunda yanada corona virus ya killace kansa ☹️,hau,general_feedback
a whole vice president is infected with the virus vp wey no dey enter public transport o wey no dey stand for bus stop ha,pcm,urgent_complaint
who get this number wey dey call me aggressively,pcm,urgent_complaint
@user Slm ina fatan kanalafiya 🌹👍🤲,hau,praise
who go kon marry me now old age don come na money dey fvck me up or true love,pcm,urgent_complaint
nothing but fact allah ya bamu zaman lafiya ah nigeria,hau,praise
ọ mmadụ ncha kà ọgwụ na atụ,ibo,general_feedback
@user hmm gaskiya t fara fitowa ana cin dukiyarmu da sunan maganin corona. Allah ya saka mana 🙏,hau,urgent_complaint
ka ban kunya ina maganin taurin dana sa ya kawo maka,hau,urgent_complaint
allah ya zaba mana mafificin alkhairi wanda kasar mu za ta samu zaman lafiya,hau,praise
nobody can fit your position in life all man has their role to play so be the best of you anobi bushasha is here who dey who dey on set of mediator the movie as dir by,pcm,praise
ey nayi amfani dashi da corona yake damuna kuma nasamu sauki,hau,general_feedback
to ai abinda ya sa wannan jairar kwayar cuta kwarona idan suka biye wa fafaroma suka taru to kowanne cikinsu sai ta fafaro shi zuwa asibiti ko qabari,hau,urgent_complaint
@user Wnn maganar fah Karya ce babu covid 19 a Katsina wlh babu Ni 👈 dan Daura ne kuma muna jii muna Ganii 👀 za'ayimana karfa karfa a cocemu wlh wlh babu Covid 19 A Daura,hau,urgent_complaint
guyscrolling down my tl na only your lmaaaaaoooooooo i dey see everywhere who dey lick u dz morning,pcm,praise
goodmorning my beautiful people of god take a minute to thank god for the gift of life na who dey alive dey hustle o stay blessed,pcm,praise
what course did you study public health technology ahna una dey chop money for this country,pcm,praise
@user Allah ya kara ma Dr lafiya da imani 🙏,hau,praise
tab allah yasah lafiyah saboda lamarin buhari fah sai a hankali ba a ganaii masah,hau,praise
abeg who sabi this edwin nwabueze kedụ ndi bụ ndị ụmụnna ya,ibo,general_feedback
kaiisolu gom ozugbo ahize gi odogwu,ibo,praise
listen efe whoever you are you no fit tell us say you never hear say johnny drille dey find you dm this guy make we rest na,pcm,general_feedback
"Mama, Mo fun ọ ni irufẹ yii ni ibamu si ifẹ rẹ ni mimu-pada sipo ilẹ iya ati omije naa ki yoo ṣàn siwaju sii #panafricanism #historyinblack #Yoruba #oduduwa",yor,urgent_complaint
i called to prescribe a drug for my ailment this morning his response was where you dey so that i go know if the drug go fit dey your location i laughed in drug abuse and replied him kano city ps im now on drugs thanks to as usual,pcm,praise
"RT @user: """"""""""""""""@user @user Dokita to ju Senator Abe ti sope a o gbe Senator na lo ilu London Fun itoju to peye http://…",yor,general_feedback
lmafooo i fit break up sef imagine a whole days without her thats like yrs man,pcm,urgent_complaint
"RT @user: Ọmọdé ò lè ṣe láì má ṣeré ipá, ó kàn ṣẹ́pẹ́rẹ́ ju ira wọ́n lọ ni. Ọmọ míì máa ṣeré, á sì jẹ́ áṣámú, á jẹnu ṣámú. #OogunTool…",yor,general_feedback
a daidai wannan lokacin sai dai rokon allah saboda gwamnati bashine a gabanta baallah ya zaunadda kasanmu lafiya,hau,praise
"@user @user @user Doesn't deserve any form of pity, ndi nkalagu ga'ejiri ogwu kugbuo'ya",ibo,urgent_complaint
"@user Allah yagafartama waɗanda suka rasa rayukansu kama daga korona ko rashin lafiya koma mutuwar fuji'a, mukuma Allah ya kyautata rayuwarmu yasa idan loƙacin mutuwar mu yazo mu mutu muna masu imani, Allah yaba ɗaukacin marasa lafiya, lafiya alfarman Annabi Muhammad S.A.W. 😷😷",hau,praise
odogwu lawyer nsogbu adi ro,ibo,praise
barkley that was worth £m last season and who dey even turned down £m offer na who dem sell for £m now chai football ehn,pcm,urgent_complaint
omo e be like say we go protest for the whole year be that this people no rate us say na sprinkle of people oh lord,pcm,urgent_complaint
"@user Ya allah allah ka kawowa mutanen zamfara daukin gaggawa, kayi musu maganin wannan masifar😓😓",hau,praise
hmm toh ai haka yafi bakuga anzauna lafiya ba saboda lalle buba yadace da yagwai a irin wagga yanayin,hau,praise
baa faraba kuma bazaayiba insha allahu duka labaran karyane allah yabamu tabbataciyar zaman lafiya a kasata nigeria,hau,praise
añụrị ncheta ọmụmụ gị odogwu igbo ji eme ọnụ chukwu debe gị nwoke ike ogologo ndụ na ime ahụike na akụ na ụba naeru ka mmiri bụ ekperem na isi gị iseeeee golibe,ibo,praise
@user Allah yabachi lafiya sauran waenda basuda lafiya amin summa amin 🤲🤲,hau,praise
ah dey here dey rack my brain god too patient ogun sef no dey kill again karma doesnt happen these men will still be looting money and living large may god help us,pcm,urgent_complaint
Oríkì kòrónà Amúni dúró nílé tipátipá Ẹkùn ọkọ olóṣèlú Nàìjíríà 😆 Ẹni àìrí sójú t'ó ń jà bí èpè Atúwọn ká níbi gbogbo tí wọ́n ń péjọ Ẹ̀rùjẹ̀jẹ̀ ní gbogbo ilékílé #COVID19 @user https://t.co/IfmgN2At7A,yor,urgent_complaint
@user Ina Ruwan Ku Da Yanda Yake Gudana Tunda Ba Magani Zaku Mana Ba🙄 Kawai Kusa Ko Hoton Shekaune Muyi Masa Alqunut🚶‍♂️🚶‍♂️🚶‍♂️,hau,urgent_complaint
were proud of where we grew up ìbàdàn mèsi ògò nílé olúuòyé youre proud of ibadan hit the rt button | odunlade,yor,praise
makaryata kuna neman kasuwa domin kunga shi mai jamaa ne koh toh kuje da sharri ku zullum yana nan chikin koshin lafiya ba abinda ya same shi,hau,urgent_complaint
"RT @user: Ẹni tí kò lè ṣe iṣẹ́ oníṣẹ́, kò ní lè ṣe tara rẹ̀. / Whoever cannot do someone else's work well, won't do his or her o…",yor,urgent_complaint
Eleyi wumi pupo...alakoso oro ilera ni orilede Nijiria..ojogbon @user ..E seun fun apere gege bi olori rere #TweetinYoruba https://t.co/oUPF1WcU4v,yor,praise
".@user Emo wolu Iwo ni Ipinle Osun. Abdulrasheed Adewale Akanbi ti fe ja si oja, e mu so o, ki Oba alade ile Yoruba ma so isokuso pe Oluwo ilu Iwo ti di oye itan, Akanbi ti yi Oye Oluiwo si Emir ile Yoruba. Nje ko kin se aisan opolo lo ya wo aafin Oluiwo ilu iwo bayi? https://t.co/3rj0aYXbO9",yor,urgent_complaint
well crafted and aptly delivered who know say e get coconut head make e come out february th,pcm,urgent_complaint
✓establishment of frsc nde ndlea nalda ✓abujakano express way ✓creation of states ✓abuja as fct ✓establishment of copyright law etc general allah ya kara lafiya da nisan kwana aameen,hau,praise
Odogwu aburo guy name Nwoke bu Odogwu Na Eme Odogwu ❤️🤝 https://t.co/JfiJVmiTyd,ibo,general_feedback
@user #IbadanCodeSprint oye ki aye wa fun awon onimo ede naa dara po month awon onimo ero lati mu ero rere yii wa si imuse,yor,praise
"Tí ìgbà bá ngbáni ká màa rọ́jú, ìgbà nbọ̀ wá padà gbani. If it seems time is playing you now just be patient, time will still pay you later.",yor,praise
choi lukaku buru ezigbo ibu see as he covered the whole pic,ibo,general_feedback
"Tí ìgbà bá ngbáni ká màa rọ́jú, ìgbà nbọ̀ wá padà gbani. If it seems time is playing you now just be patient, time will still pay you later.",yor,praise
@user It gonna be Interesting and Arresting Story Allah ya kamana zaman lafiya a Nigeria. Weldone @user you're the best bro💪,hau,praise
guy dont forget your roots you dey go buzz white man for him handle to call am that kind name na wetin you chop before you log in who teach you slangs you better delete the tweet he is kuku saying the truth but una no dey gree year truth leicester city go tear una,pcm,urgent_complaint
RT @user: Corona words in #Yoruba: ÈDÈ ÌPERÍ FUN ÀRÙN KÒRÓNÀ NÍ ÈDÈ YORÙBÁ @user •Quarantine - àhámọ́alárùn •Sanitizer - ohu…,yor,general_feedback
"Uwa tughariba ya egbunayi egbu, who dey alive come first, Oringo gbue gi Kama iga ato na Nga na… https://t.co/kEP1QicJV8",ibo,general_feedback
lmao go wetin because of who dey abeg make we rest,pcm,urgent_complaint
@user Da wani magani aka warkar dasu 🤔,hau,general_feedback
"@user Allah ya stare mu da 'tabin hankali """"""""""""""""""""""""""""""""wa,Enda keda' tabin hankali koma, muna rukon, allah, yabasu, lafiya 🤲🤲🤲",hau,praise
@user Maganin gari me nisa🤷‍♂️,hau,general_feedback
@user Wlh gwamnoni koji tsoron Allah kutina dafa amutu kuma damuhanudaku ranangube ya Allah kabayyanamana wayannan bayinka dukwanda dahanunsa akanwannan abunda akeyin Allah kamana maganinsu ya Allah 🤲🤲🤲,hau,praise
who dey sell this kin wig mbah wan run something,pcm,urgent_complaint
tonyo anyinoria oge ndigbo,ibo,general_feedback
"Ìgbéraga ní í ṣáájú ìparun, agídí ọkàn ní í ṣáájú ìṣubú. #yoruba #proverb",yor,urgent_complaint
ya salam rayuwar duniya akwai abin alajabi kaidai namiji baka rabuwa tafka abin ashsha allah shi kare mu shi kare dukkanin mai so don allah ba irin wadannan mutanen na banza ba allah shi baki lafiya,hau,praise
@user Allah y karba yakuma bamu zaman lafiya gabadaya🙏🏻,hau,praise
Merry Christmas to all my people. ọdún yíì á san wá sówó á san wá sí aìkú báàlẹ̀ ọrọ̀. #yoruba #christmas #christmas song #sukutuibadan https://t.co/VhLgu3fSfT,yor,praise
"@user @user Doctor will be like """"""""""""""""ládúrú gbogbo ìpolongo mi"""""""""""""""" 🤦🏿‍♀️ https://t.co/4vRnFRCFGZ",yor,general_feedback
hahahahha you guys are funny haka sukace muku sunan maganin tazargada,hau,general_feedback
allah yakara lafiya alan waka,hau,praise
mudai burinmu shi ne allah y kawar d cutarnnan y kuma bamu xaman lfy yanxu ba cece kuce ne a gaban mu ba,hau,praise
why am i just seeing this must be twitter again but guys look at my baby who is your best girl na ️ this babe is brooooooooo god dey create sha abeg tell all the guys in the mentions that you are taken lola mi ️,pcm,praise
who dey go abroad for dream nor dey do wahala of visa,pcm,praise
abeg make una tell me which one be swat we are tired of this people swat and sars na still the same people abeg who train the swat people we done wake up and them no fit decieve us again na still the same people they there,pcm,urgent_complaint
@user 🙏 🙏 🙏 Odogwu nna. Anam aHaili gi,ibo,praise
iba ò ní pa wá o gt,yor,praise
@user Coronavirus (cutar numfashi) 😂😂😂😂 https://t.co/hSXxkouvRY,hau,general_feedback
abegii make dem run tests sharply make we no go dey hear another case of weda na zoonotic disease or not,pcm,urgent_complaint
"@user @user ó tì, àwọn nǹkan wọ̀nyí ni a fi jẹ́ ìran Yorùbá. Digbí ni ìṣe yìí wà láyé ìjọ́hun, ẹ̀yìn tí òyìnbó dé ló parun.",yor,urgent_complaint
this corona wallahi tana ban mamaki wai kaji anacewa akwai yuyuwar kara samun sabuwar nau`in chutar indai coronar nan ba kirkirata akayiba chuta ce daga ubangiji yasakoma bayinsa a doron kasa domin yajarrabemu to lallai duk wani hasashe da akeyi nakarya ne,hau,urgent_complaint
@user Lol 🤣🤣 to Allah kara Lafiya #Rahamaibrahimsadau,hau,praise
@user Allah ya Kara kare mu dga sharin cutar nn🙏🙏,hau,praise
omo ive been on steady data subscription since the beginning of covid i need to applaud myself and add wire wire to my nameko easy rara thank you oo week subscription na days e dey last,pcm,urgent_complaint
knock knock whos that mr ibu ibu who iburu ekene riwo otuto fada fada eeeh fada fada eeeh a di kwam loyal o fada fada eeeh,ibo,praise
what is this for love of god haka zamu rika zama shuwagabannin mu suna cutar mutane don neman mulkin banza,hau,urgent_complaint
romance without finance is nuisance abeg imagine dating someone who cant call you and ask you to take two weeks leave so you guys can go on baecation poor people have no need looking for love abeg carry person daughter dey soak garri,pcm,urgent_complaint
SEX IN YORUBA Ona orisi Marun LA le fi ji oko tabi aya wa ton sun. Ona ikerin leleyi. Awon baale imi man ji iyawo won pelu enu Larin itan won(obo) 😜 This is 4th way some men wake their wife without stress( oral sex) @user oloni #sex #sextalk #yoruba #facts #sextalk https://t.co/vp9SHxmrOM,yor,general_feedback
baba don dey nurse the account then don finally hack am vital friends,pcm,urgent_complaint
forget relationship matter abeg na who dey alive dey toast girl,pcm,urgent_complaint
@user Shikesa dan kwikwiyo ciwon kai😀😀😀,hau,general_feedback
"RT @user: Wa gbayi""""""""""""""""@user: Ẹkáàrọ̀ ní #Naija o! Ẹ kú súnkẹrẹ-fàkẹrẹ :) cc @user #Lagos #Ibadan #Kano #Onitsha""""""""""""""""",yor,praise
@user Hauka maganinka Allah kullen cewa ake mugafara ga sa nan amma ko qaho bamu ganiba har munsha 2021 Allah wadaran naka ya lalace 💔,hau,urgent_complaint
in sha allahu allah sai ya yi mana maganin ku da wuri ba sai an yi nisa ba tunda mu kun fi ƙarfinmu,hau,praise
"@user Owe l'esin Oro,Oro l'esin owe,ti oro ba Sonu,owe laa fii wa.Dokita ise le se.#tweetinyoruba#",yor,praise
@user Lallai Corona ta sa ana ta yiwa man fetur diban-karan-mahaukaciya a qasar nan 😂 😂,hau,urgent_complaint
o sick werey re o mumu on top dis fried rice na na must chop for you ohna osun u dey,pcm,urgent_complaint
"@user @user Health, Country, Emotion.. Ike gwuru",ibo,urgent_complaint
happy birthday to a living legend the progenitor of esa oriki the legendary chanter baami aremu ayilara ajobiewe long may you live sir in good health and wealth,yor,praise
abeg be quiet you are not even the champion in your family your younger brother better pass you and i still beat am join who una wan call for me your ancestors go sabi play game na,pcm,urgent_complaint
"RT @user: @user @user Mo ki Oba tia, Olubadan tile Ibadan Oba Saliu Akanmu Adetunji Aje Ogunguniso kinni K'ade pe lori #TweetI…",yor,praise
"@user Allah yatsaremu daga wannan sakarcin, wai muda muke bukatar abamu, muyi maganin Namu ta'addancin, Amma mune Zamu bayar, wannan ai Gwanda kakai Gidan marayu kawai, wannan shine zakara🐓🐔 me neman Suna",hau,urgent_complaint
traditional occupations and their modern day equivalents iṣẹ́ àbáláyé àti bákan náà wọn ní aiyé òní gbẹ́nàgbẹ́nà construction engineering àyàn drummer aṣọ híhun fabric production oníṣègùn botanist doctor pharmacologist nurse medical lab science,yor,general_feedback
#Np bongo @user #k'anyinoria Oge ndigbo @user,ibo,praise
this one wey this corona guy don enter abuja laikdis person no even fit do shina again wetin man go do with all these konji báyìí,pcm,urgent_complaint
you no fit try am for naija who wan dey follow lion play,pcm,urgent_complaint
@user wlh anraina mana hankali 😠😠😠😠😠😠😠😠😠 inda musulmineh da tuni sunmasa hukunci.. Kuma da tun likacin da sukaje kamasa mah sai sun harbe sah a kafah.. Yah Allah kayi mana maganinsu 😭😭😭😭🙏🙏🙏,hau,urgent_complaint
@user Don Allah ku kyalemu da Abin corona banza haba 😌😌😌,hau,urgent_complaint
what a sense of humor this guy will think he has entered the spotlight with this nonsense he did enemy of progress cos e no better for so make e no better for others too shuuuo who mtn or any service provider help all the deductions dem dey do we too no fit chop,pcm,urgent_complaint
"@user 😲Lallai kuwa idan hakane, tofa akwai wata makarkashiya. Allah ta'ala yayi mana maganin masu zagon kasa ga al-ummar su",hau,praise
"@user Haryanzu banji labarin ance ga wani dan jarida yana dauke da cutar Corona virus ba, 😂 ko meyasa hakan ne oho 😏",hau,urgent_complaint
"@user Lokaci ne mun riga mun shigoshi sai dai abinda muke roko Allah ya numa muna mungita lafiya ameen,🤲",hau,praise
toh wai wayagayamaka kai inkafada mana zamu yarda inhar zamu yaddadakai toh mu yarda dasumana kawai tunda kaine mara kunya zaka dubi idanunmu kace mana rahoton coronan nigeria dagaskene toh yanxu kan mage tawaye karya kuke kaje ka fadakar da gomnan kogi da cross river,hau,urgent_complaint
says who if thats the case dem should carry cup dem don win,pcm,urgent_complaint
"@user Allah ya karbi wannan ibada da Al'ummar Borno zasu yi, Allah ya kawo zaman lafiya a wannan yanki, Albarkacin Annabi da Alqur'ani.🙏",hau,praise
"Ìbínú ò da nǹkan; sùúrù ni baba ìwà; àgbà tó ní sùúrù, ohun gbogbo ló ní. Anger yields nothing; patience is the epitome of good character; an elder who has patience (as a virtue), already has all things. [Patience is superior to anger, and more effective, by far] #Yoruba #proverb",yor,praise
"@user Allah ya karawa Mallam Lafiya, Gaskiya ne Zaman Lafiya yafi komai Allah Ubangiji yakara mana Zaman Lafiya da Karuwar Arziki 👏👏👏",hau,praise
ẹni tó ńbẹ̀rù àti ṣubú àti dìde á nira fún un whoever is scared of falling will find it tough to rise be bullis,yor,urgent_complaint
Master 🏆odogwu ndi Igbo ji eme onu https://t.co/es0mY4pwni,ibo,praise
a compilation of some nollywood yorùbá eulogy scenes aláàfin ṣàǹgó being eulogized on his coronation day as the aláàfin ọ̀yọ́ àkójọpọ̀ àwọn ibi tí wọ́n ti gbé kí oríkì nínu eré sinimá akéwì ọba ń ki aláàfin ṣàǹgó ní ọjọ́ tí wọ́n fi jẹ ọba source sango movie,yor,general_feedback
wahala for who no order grilled catfish from lavonne oo catfish toh gba phd na fried dodo be the follow come dont worryyou can still order for tomorrow o callwhatsapp ota lenuperfectly seasoned steamy hot haiigod na catfish dem go take kidnap me laslas,pcm,praise
@user YDG addu'a kawai zamu Kara yiwa iyayen mu mata da fatan ALLAH ya rabamu da wannan cutar Ameen😒😒😒😒😍,hau,praise
@user Odogwu ka i bụ 🙌🙌🙌 Chukwu gozie gi,ibo,praise
"@user Alhamdulillah wallahi wannan Abun da sukai yayi kyau sosai!! Allah, ya kawo mana karshin wannan cutar😷 baxan fade sunan taba dumin na tsani ta😓😢",hau,praise
"@user 😁Masha'Allah Allah ya sanya alkhari, ya sa a gama taro 🥂🍹🍛🍝lafiya. Wish I will be their to witness it my self 😊banso a bani labari.",hau,praise
2 nigba ti ara ilu ba ko lati fun won lowo riba ti won beere fun. @user @user @user #TweetinYoruba,yor,urgent_complaint
"Kò lè burú títí kó má ku ẹnìkan mọ́'ni, ẹni tí yóò kù la o mọ. / Things can never be so bad that one will be left with no one, but who he or she will be is what one may not know. [Keep hope alive; you are never alone: it only seems so.] #Yoruba #proverb",yor,praise
corona cup ya tabbata kano sai munje champion league tunda muna na uku a table up kano,hau,praise
awon china ti je eso ajara na china chop meet the whole world came dey wash hand nawa,pcm,urgent_complaint
you when be like who dem select comot for beans abeg fly,pcm,urgent_complaint
@user Allah kayimana maganin muta nen nan amin🤲😭🤲😭,hau,praise
@user Wannan zancen banza ne daga mutanan banza. Mu africa babu ruwan mu da wata coronavirus. Sune dai lallai su keso se sun alaqan tamu da ita. 🤔🤔,hau,urgent_complaint
story story who carry league pass when last you carry am my brother hypertension fc when you start to dy support arsenal sef how many trophies you don celebrate with them the unbeaten season you never start to dy watch ball sef so sit down and be humble bro,pcm,urgent_complaint
whos this person always talking about dick on my curious cat please abeg stop e don do,pcm,urgent_complaint
@user Hummmm inbanda qasata naija a Ina akeyin haka? Kacutar da jama'ar da saninka kuma wai daga baya kace suyafema? Rainin hankali kenan😠😠😠😠😠 wato kaci banza kenan ko?? To bazai yiwu ba,hau,urgent_complaint
@user Kai wannan lafiyarsa kua😲😲,hau,urgent_complaint
e be like say different teams dey lol segalink vs ogbeni dipo vs ydp the first two dey fight for who go take the shine for the last one wan hijack the protest from to but who dey fund ydp lol,pcm,urgent_complaint
@user A cikin wannan yanayi na corona???😟,hau,general_feedback
@user To mudai anan abunda muke roƙon ubangiji shine yaƙara karemu ya yaye mana wannan musiba afaɗin Duniya 🌏 waɗanda takama ya kuma basu lafiya Ameen 🤲,hau,praise
e be like say na the whole abuja dem carry light o kva transformer is down at the moment me thinks,pcm,urgent_complaint
@user @user @user @user @user @user @user @user @user Wayyo cikina 😂😂😂😂😂 Laugh clinic got me,hau,general_feedback
@user To Ubangiji yaimanq maganin su sannan muna kira ga gomnati pls n pls takara tsaurara tsaro🤲,hau,praise
Ìlú kìkì epo rọ̀bì. Ṣùngbọ́n kòsí iná kòsí omi. Kòsí ètò ilera tó yọrí. Gbogbo títì luhò káàkiri. Àb'ẹ́ẹ̀ rínkan! #Naija #yoruba,yor,urgent_complaint
"Oyo* Nitori aadota naira, olokada meji gbemii ara won n’Ibadan Aadoôta naira, (N50), owo idakoômu lasan lasan lo da wahala sileô - Alaroye!",yor,urgent_complaint
"@user Ikon, saimai muna ruwa muyi shukka, anfara shirye _shiryen shirin zaben 2023 keanan, Allah yakaimu lokaci yasa ayi damu, muna masu cikakkiyar koshin lafiya.🙏🏼 Amma hwa Wallahi akwai ta kasa.✍",hau,praise
ogudu sars self dey game those idiot don do me strong thing dey withdraw the whole money wey dey my access account still dey tell me say make i thank god say i get money,pcm,urgent_complaint
èdè yorùbá parun tiawa o ni jẹ ko wọmiiṣẹ ki o ma parun lawa n ṣe,yor,praise
okay we dey wait patiently,pcm,praise
na who get breast dey hold am i dey hold my breath sha,pcm,praise
kí ni o ní láti mọ̀ nípa coronavirus,yor,general_feedback
@user ALLAH kawo Mana karshen Corona Malam 😭😭,hau,praise
"RT @user: """"""""""""""""Ẹni tó yá ẹgbàafà tí kò san án, ó begi dínà egbèje"""""""""""""""". Translation: """"""""""""""""He who borrows 1200 and does not pay back, blocks th…",yor,urgent_complaint
@user Doctor ni doctor ń jẹ́ o🙄,yor,general_feedback
@user Allah ya kar6a ya bamu xaman lafiya 🤲🤲🤲🤲,hau,praise
god hope all this symptoms wey i dey feel for my body now is not covid oo im fckin scared mehn,pcm,urgent_complaint
aisi nibe ni aiba won dasi oruko mi oluwafemi adebodun ilu eko ni mushin ni,yor,general_feedback
awon olote omo aare nijeria atijo dokita jonatanu oku o ebele wa ni america to ohun fi owo nijeria se yotomi ema fi enu pa omo fun olomo,yor,urgent_complaint
"@user Allah yanda kuke wulakanta bayinsa a wannan mulki naku, Ya Allah ya hanaku jindadi duniya da lahira, ya Allah ya hadaku da cutar da kudin da kuke sata baxa ku iya neman lafia dasu ba😢😢🙏🙏...",hau,urgent_complaint
na olosho men full this year they tooooo fine im calling ambulance for my feelings coz im crushing already on these men,pcm,praise
@user Masha Allah chest din ya daina ciwo ne? To Allah ya qara lafiya da zaman lafiya😍😍,hau,praise
@user Allah ya bada zaman lafiya Mutumina nagoyi bayan ka💯,hau,praise
"@user @user Littafansa samada 400 kasidu samada 100 ubangiji allah yakaramaka lafiya Allah yakara amfanarda muslulunci dakai, duk wata ilimi dake kanka Allah yakara bankadosu tayadda musulinci zai kara daukaka🙏🙏🙏🙏",hau,praise
A kì í fi ọjọ́ kan bọ́ ọmọ tó rù. / A lean child can't be fattened in one day. [Good things take time; be patient] #yoruba #proverb,yor,praise
"@user Ae maganin shege karan maguzuwa, tayi mun dede wallahi 💯",hau,urgent_complaint
"Nara Ekele! """"""""@user: Onyedikagi? Ekene diri gi Onyene mema Onyedikagi? Ekene diri gi Onye nagworia Imela! Imela!! Okaka, Onyeke",ibo,praise
Owe leshin oro….. Ela loro… REJUVENATING YORUBA CULTURE Worth... #owe #oweleshinoro #oyo#osun #omoluabi #osogbo #ekiti #lagosstate #lagos #ondo #ogun #ilorin #ife #alafinofoyo #ibadan #eko #yoruba #ikire #love… https://t.co/xrG4UgBiFw,yor,general_feedback
meye a ciki musulmi ko me addini yana da iko yana da yancin yin rayuwarsa idai bai cutar da wani ba,hau,general_feedback
abeg abeg abeg the whole school and everybody inside should be burnt,pcm,urgent_complaint
ORI KARUNLELADOTA: IDADURO ATI ÌYÀSÓTÒ ÈTÓ WÒNYÍ (APANMO AWON ETO WONYI FUN IGBA RANPE) #Law2go #HumanRightsinNigeria #Section45 #Yoruba,yor,general_feedback
@user Eji m ọgwụ unu,ibo,general_feedback
RT @user: @user ebani kede wiipe awon akeko o ijinle Yoruba ti Fasitii Ibadan te pepe Ose e Yoruba 2012 Sep 2 -7,yor,general_feedback
who dey vex you,pcm,urgent_complaint
ssgabeg hlp me ask hazard say wetin concern agbero with overldoadinfactwho will tell okekewhat a yamayama,pcm,urgent_complaint
nope rosicky na reus idol if we fit buy am e go like wear rosicky jersey,pcm,praise
time to create new alo oh alo ounje omo ibadan a mu de oyo talo mo oh,yor,general_feedback
@user sambo likitan kashi namu 😂🤝,hau,general_feedback
RT @user: @user @user @user A pe kio to je Ko ni je ibaje Itelorun baba iwa Ohun ti a fi eso mu kii baje…,yor,praise
first day at the hospital and i don dey use sheets my exam sheets no dey even full like dis,pcm,urgent_complaint
correct isiewu wey fit cure hypertension even covid sef we always give you a reason to return please disturb us with your orders were capable biko,pcm,praise
@user ekpere gị ga ere... añụrị ncheta ụbọchị ọmụmụ gị odogwu. Chukwu chebe ma debe gị.,ibo,praise
@user Allah yayi muna maganin wannan tashin hankali alfarmar wannan wata mai albarka😭🙌🏼,hau,praise
daddy oruh nwanne odogwu ezigbo mmadu abuja nigeria,ibo,general_feedback
but honestly the hype on this virus is too much more than the virus itself but guess what im a nigerian im safe i survived ebola i survived lassar ill survive corona too the same speed wey e use come na im e go use go no world is ending,pcm,praise
"@user Idan har hakan ya tabbata, to ya kamata a matsayinsa na Shugaban Kasa sai yayi maganin hakan - idan kuwa bazai iya ba sai yayi murabus domin baza a rasa masu yin magana hakan ba a cikin kasar. 👌",hau,urgent_complaint
"#Orin~ """"""""""""""""Òkè là ń lọ. Lágbára Olúwa kò ní séwu..."""""""""""""""" #HarunaIsola",yor,praise
@user @user Mmanya ndi Odogwu ✊🏿,ibo,praise
lmao i workd dis lady who wud send me on nonsense errands small clerk job i applied coz i was bored in sch day she needed a doc i had gone home wit n decidd branch my house on her way d office bedroom n my bike was parked in d parlour stopped paying me afta dah day,pcm,urgent_complaint
Odogwu na nibo and odogwu na mbosi....link up....ndi ozo ibem💵💵💵 https://t.co/ZIzNIVrONx,ibo,general_feedback
#SunriseService ♫Ibu Chukwu Onye dimma Ibu Chukwu Onye di'ke Ibu Alpha na Omega mu Onye mbu n'onye ikpeazu mmalite n'ogwugwu♫ @user,ibo,praise
RT @user: Ekaaro o! E ja de wa se Ayewo fun arun jejere ti omu ati abajade Ile omo ni @user lati agogo mewa ni eni ojo Jimoh! #T…,yor,general_feedback
Ẹni má a mú ọ̀bọ á ṣe bí ọ̀bọ. (Whoever wants to catch a monkey would have to act like one.) #yoruba [proverb,yor,general_feedback
@user Kuyi mashi wani Abu na cutarwa kugani za kuga yadda ake zangazangar rashin kunya matasa maza da Mata zamufito a jihar katsina abinda baa taba ganiba zaku ganshi🤨🤨iskancin banza,hau,urgent_complaint
dont listen to people telling you not to cast those gay bastards in your dm cast them abeg arrange for how we to beat them cos trust me i go follow do jungle justice on any gay guy i am angry this morning e pain me say i just dey see the whole drama,pcm,urgent_complaint
@user @user @user @user Ebe ọ bụ a nne... Ọgwụ maka any type of sickness... 😅,ibo,general_feedback
"Onye n’agwo oria Onye di Ka gi,, ♫♫ #HolyhillWorship",ibo,praise
"Imela, Imela Okaka, Onyekeruwa Imela, Imela Eze mo X2 Onyedikagi (Who is like You?) Ekene diri gi Onye ne mema (He who does good) Onyedikagi (Who is like You?) Ekene diri gi (All Glory belongs to You) 🎶🎵🎶🎵 #GlobalImpactNG #DoublePraise",ibo,praise
ìdáwọ́ dúró lóri gbígba abẹ́rẹ́ àjésára covid ní ilẹ̀ europe ohun tí a mọ̀ nípa rè nìyí,yor,general_feedback
mbem nke taa aririo ihe ndi mmadu choro abughi okpokpo bekee na igbo naato ka utu ihe ndi mmadu choro but mmiri a gaanu anu na nri a gaeri eri ihe ndi mmadu choro abughi ama bekee na ejikari ube ihe ndi mmadu choro bu ulo ogwu na ulo akwukwo,ibo,general_feedback
pelu iru awon eniyan bi o daju wi pe ede ko le parun e ku ise,yor,praise
bíi ti blaise compaoré olóṣèlúu burkinabé alpha condé ń forí lé ibi ìparun ǹjẹ́ yó leè gbóhùn inúbíbí àwọn aráa rẹ̀ bí ó di ọjọ́ iwájú kí á tó mọ̀ ní báyìí ṣá ọkọ̀ ojú omi ti ń ré concerned citizen,yor,urgent_complaint
so doctor said the back pain is cos of my driving up and down my nice driver travelled and since then i have been driving when will this patient and nice driver come back na please no vex incase i don offend you cant imagine trying to get another driver now ooo,pcm,urgent_complaint
you dey feel am e dey enter your eyeif e dey enter yah eye kimon you know what to dofollow who sabi road e get why see how fine anyhow in our adire unisex top hurry up join the moving train,pcm,praise
"Ti omo eni ba daa kawi... Gomina Ajimobi n dara ni ilu Ibadan, ewo bi o ti n tun ona Challenge yii se",yor,praise
eku ise edewa oni parun lase eduwa emi ni arakunrin kabiru abdullahi omo bibi ibadan,yor,praise
ai mu mun dade da corona kaine na farko kafin second corona tazomun dade muna ganin tsanani,hau,general_feedback
"Ó ń pẹ́ lẹ fi ṣe, ó ń pẹ́ tí ẹ̀rọ bá yọ owó mi bíi jìgá àbí? @user @user #poorcustomerservice #ibasepoalabaratomehe",yor,urgent_complaint
"@user Corona ba Matsalarmu Bane Malam Kawai Kaje Birnin Gwari,Giwa,Kudaru,da Wasu Bangare a jihar kaduna Kaji Halinda sukeciki. Zubar Da jini Bala'ine a kasa 😭😭😭😭",hau,urgent_complaint
@user @user Ofu onye anasi unu abiala... Dimkpa ekelem gi 🙌🏾🙌🏾🙌🏾🙌🏾 Odogwu,ibo,praise
@user Kawai kuce zaku figures na karya. Dama cen mu bamusan wasu masu corona ba. 🤔,hau,urgent_complaint
anaghi eji oria akwa nzu,ibo,general_feedback
